Brand,Product_Name,Retail_Price,Discounted_Price,Discount
Ray-Ban,RB7047,,176,
Ray-Ban,RB6335,,210,
,,,,
Oakley,Airdrop,,227,
Ray-Ban,RB3447V Round Metal,,210,
Oakley,Socket 5.5,,227,
Oakley,Holbrook RX,,187,
Oakley,Stagebeam,199,99.50,50% Off
Oakley,Port Bow,,187,
Oakley,Hex Jector (TruBridge),,187,
Ray-Ban,RB7217 Chad Optics Bio-Based,,189,
Oakley,Pitchman R Carbon - Alternate Fit,,297,
Ray-Ban,RB5445,,186,
Ray-Ban,RB6647,,210,
Ray-Ban,RB5344D,261,130.50,50% Off
Ray-Ban,RB5154 Clubmaster,,222,
Kate Spade,Hermione/G,230,161,30% Off
Dolce & Gabbana,DG5101,,288,
Gucci,GG1340O,305,259.25,15% Off
Versace,VE3373U,,316,
Versace,VE1175B,,316,
Michael Kors,MK4098BU,204,102,50% Off
Swarovski,SK2018,,261,
Vogue,VO5668F,,119,
Ray-Ban,RB7025,,210,
Oakley,Pitchman,,276,
Ray-Ban Meta Gen 2,RW4012 | Meta Wayfarer (Gen 2),,459,
,,,,
Polo,PH2083,,201,
Ray-Ban,RB6355,,237,
Ray-Ban,RB7066,,176,
Oakley,Hyperlink,,187,
Oakley,Pitchman - Alternate Fit,,255,
Ray-Ban,RB7074,,176,
Oakley,Hyperlink - Alternate Fit,,187,
Oakley,Crosslink Zero,,187,
Oakley,Plank 2.0,,187,
Oakley,Pitchman R,,255,
Oakley,Wingfold EVR,,318,
Oakley,Wingfold EVS,,318,
Oakley,Crosslink Zero - Alternate Fit,,187,
Ray-Ban,RB3547V Oval,,210,
Ray-Ban,RB6363,,210,
Oakley,Limit Switch,,318,
Oakley,Socket 5,,227,
Oakley,Marshal MNP (TruBridge),,242,
Ray-Ban,RB5198,277,193.90,30% Off
Ray-Ban,RB8416,,276,
Ray-Ban,RB8903,,276,
Oakley,Trillbe X,,172,
Ray-Ban,RB6396,,222,
Ray-Ban,RB6397,178,89,50% Off
,,,,
Ray-Ban,RB6489,,210,
Ray-Ban,RB8953,223,111.50,50% Off
Ray-Ban,RB8954,223,156.10,30% Off
Oakley,Limit Switch 0.5,,318,
Oakley,Gauge 3.1,318,222.60,30% Off
Oakley,Crosslink Youth - Alternate Fit,172,137.60,20% Off
Ray-Ban,RB4340V Wayfarer Ease,,210,
Ray-Ban,RB6375,,189,
Oakley,Surface Plate,,318,
Oakley,Gauge 3.2 Blade,,318,
Oakley,Gauge 7.2 Arch (TruBridge),213,106.50,50% Off
Oakley,Fuller,,242,
Oakley,Pommel,228,159.60,30% Off
Ray-Ban,RB3582V Round Metal II,,210,
Ray-Ban,RB7159,,222,
Ray-Ban,RB8955,223,111.50,50% Off
Oakley,Sunder,280,196,30% Off
Oakley,Base Plane,,255,
Oakley,Chamfer Squared (TruBridge),,242,
Oakley,Crosslink Fit - Alternate Fit,,276,
Ray-Ban,RB5362,,237,
Ray-Ban,RB6414,,189,
Ray-Ban,RB7144,,249,
Ray-Ban,RB8755,,317,
,,,,
Ray-Ban,RB6421,,210,
Ray-Ban,RB7153,143,71.50,50% Off
Ray-Ban,RB8757,263,184.10,30% Off
Oakley,Cathode,,227,
Oakley,Latch TI,353,176.50,50% Off
Oakley,Cartridge,,318,
Oakley,Litebeam (Trubridge),,187,
Oakley,Pitchman R Carbon,,297,
Ray-Ban,RB3947V - Round Gaze,,210,
Oakley,Diecutter RX,199,99.50,50% Off
Ray-Ban,RB5387,,176,
Ray-Ban,RB6428,,210,
Ray-Ban,RB5296D,,220,
Ray-Ban,RB3648V The Marshal,,222,
Ray-Ban,RB6434,,210,
Oakley,Metalink,,255,
Oakley,Plungeline,,187,
Oakley,Alias,,187,
Ray-Ban,RB1971V Icons,179,89.50,50% Off
Ray-Ban,RB3716VM Clubmaster Metal,,237,
Ray-Ban,RB5375,,222,
Ray-Ban,RB6441,,210,
Oakley,Top Spinner 4B,,172,
,,,,
Oakley,Tie Bar 0.5,,387,
Ray-Ban,RB5383,,222,
Ray-Ban,RB5383F - Alternate Fit,191,133.70,30% Off
Ray-Ban,RB6448,,210,
Ray-Ban,RB1969V,177,88.50,50% Off
Ray-Ban,RB3857V Frank,,210,
Ray-Ban,RB7177,,176,
Oakley,Wheel House,,242,
Oakley,Wingback Sq,,318,
Ray-Ban,RB3447VM,,210,
Ray-Ban,RB7144M,,290,
Ray-Ban,RB8416M,,237,
Ray-Ban,RB5393,,188,
Oakley,Activate - Alternate Fit,,215,
Oakley,Centerboard,,187,
Ray-Ban,RB6465 Jack,,210,
Ray-Ban,RB6465F Jack - Alternate Fit,198,138.60,30% Off
Ray-Ban,RB7185,,162,
Ray-Ban,RB8766,,263,
Oakley,Activate,,227,
Oakley,Crosslink - Alternate Fit,,187,
Oakley,Top Spinner 5B,,172,
,,,,
Oakley,Fuel Line,183,91.50,50% Off
Oakley,Leadline RX,,227,
Oakley,Seller,318,222.60,30% Off
Oakley,Spindrift RX,,227,
Oakley,Tensile,,297,
Oakley,Trajectory,,297,
Oakley,Volt Drop,227,158.90,30% Off
Oakley,Wire Tap 2.0 RX,,387,
Ray-Ban,RB5395,,210,
Ray-Ban,RB5398,,210,
Ray-Ban,RB5486,198,138.60,30% Off
Ray-Ban,RB6466,,222,
Ray-Ban,RB7190,,162,
Ray-Ban,RB7192M,,216,
Ray-Ban,RB7244,178,89,50% Off
Ray-Ban,RB8247V,,479,
Oakley,Extender,,208,
Oakley,Hex Jector - Alternate Fit (TruBridge),,187,
Oakley,Moon Shot,365,182.50,50% Off
Oakley,Ojector RX,,208,
Oakley,Sobriquet,365,182.50,50% Off
Oakley,NXTLVL,,242,
Ray-Ban,RX3681V,,153,
,,,,
Ray-Ban,RB3957V - Julie,188,94,50% Off
Ray-Ban,RB3958V,198,138.60,30% Off
Ray-Ban,RX5398F - Alternate Fit,,198,
Ray-Ban,RB5499 - Lady Burbank,200,100,50% Off
Ray-Ban,RX7199,,249,
Ray-Ban,RB3636V - New Caravan Optics,,222,
Ray-Ban,RB3637V - New Round Optics,,222,
Ray-Ban,RB5406,,189,
Oakley,Exchange,,242,
Ray-Ban,RB4378V,,176,
Ray-Ban,RB5397 - Elliot Optics,,210,
Ray-Ban,RB6472,,198,
Ray-Ban,RB7205M - Scuderia Ferrari Collection,,235,
Ray-Ban,RB8148V - Hexagonal Titanium,452,316.40,30% Off
Ray-Ban,RB8421,,276,
Ray-Ban,RB8908,,276,
Oakley,Admission,,187,
Oakley,Dagger Board,208,145.60,30% Off
Oakley,Futurity,,227,
Oakley,Socket TI,,318,
Ray-Ban,RB3698VM,,261,
Ray-Ban,RB5397F - Elliot Optics Alternate Fit,,210,
Oakley,Centerboard - Alternate Fit,,187,
Oakley,CTRLNK,,242,
,,,,
Oakley,Draw Up,,227,
Oakley,Sway Bar,,387,
Oakley,The Cut,,172,
Ray-Ban,RB3694V - Jim Optics,,210,
Ray-Ban,RB5428,,222,
Ray-Ban,RB6485,,189,
Ray-Ban,RB7208,,249,
Ray-Ban,RB7211,,189,
Ray-Ban,RB7213M - Scuderia Ferrari Collection,,300,
Ray-Ban,RB7216 - New Clubmaster Optics,,222,
Ray-Ban,RB0707V,210,147,30% Off
Ray-Ban,RB8327VM,,325,
Ray-Ban,RB6498,198,99,50% Off
Ray-Ban,RB7210,222,155.40,30% Off
Ray-Ban,RB0316V,,222,
Ray-Ban,RB0840V,,222,
Ray-Ban,RB1549,,122,
Ray-Ban,RB1621,,87,
Oakley,Moonglow,,208,
Oakley,Coupler,,242,
Oakley,Overhead,,172,
Oakley,Plazlink,,242,
Oakley,Holbrook TI,387,270.90,30% Off
Oakley,Holbrook Low Bridge Fit,,187,
,,,,
Oakley,HSTN,,187,
Oakley,HSTN Low Bridge Fit,,187,
Oakley,Sway Bar 0.5,,387,
Ray-Ban,RB3717 Optics,,222,
Ray-Ban,RB5417 Optics,,210,
Ray-Ban,RB5418 Optics,,210,
Ray-Ban,RB6494 Optics,,237,
Ray-Ban,RB6496 Optics,,210,
Ray-Ban,RB6507M Optics Scuderia Ferrari Collection,249,174.30,30% Off
Ray-Ban,RB7214 Gina Optics,210,147,30% Off
Ray-Ban,RB7215 Erik Optics,222,155.40,30% Off
Ray-Ban,RB7218 Kristin Optics Bio-Based,178,124.60,30% Off
Ray-Ban,RB8422 Optics,,261,
Ray-Ban,RB6497,198,138.60,30% Off
Ray-Ban,RB7222M,,235,
Ray-Ban,RB6497 Optics,198,138.60,30% Off
Oakley,Knolls,,187,
Oakley,BMNG,,242,
Oakley,Rafter,,172,
Ray-Ban,RB0298V,,222,
Ray-Ban,RB5421,,210,
Ray-Ban,RB5422,,210,
Ray-Ban,RB6510,,210,
,,,,
Ray-Ban,RB7225,189,132.30,30% Off
Ray-Ban,RB7226,178,124.60,30% Off
Ray-Ban,RB7227,189,132.30,30% Off
Ray-Ban,RB7229,222,155.40,30% Off
Ray-Ban,RB7232M - Scuderia Ferrari Collection,,237,
Ray-Ban,RB3765V,222,155.40,30% Off
Ray-Ban,RB0298VF,,222,
Ray-Ban,RB7228,,189,
Ray-Ban,RB7230,,249,
Ray-Ban,RB6511,223,156.10,30% Off
Ray-Ban,RB6512,222,155.40,30% Off
Ray-Ban,RB6513,,249,
Ray-Ban,RB6516M - Scuderia Ferrari Collection,,290,
Oakley,Contrail TI,,387,
Oakley,Addams,,227,
Oakley,Cognitive,,442,
Oakley,Bat Flip,,187,
Oakley,Cognitive R,,442,
Oakley,Dehaven (Low Bridge Fit),,242,
Oakley,Exchange R,,242,
Oakley,Hip Tone,,227,
Oakley,Voon,,227,
Ray-Ban,RB2210V,,189,
Ray-Ban,RB2241V,,210,
,,,,
Ray-Ban,RB2242V,,198,
Ray-Ban,RB3734V,,189,
Ray-Ban,RB3735V,,210,
Ray-Ban,RB5430,,210,
Ray-Ban,RB7238,,176,
Ray-Ban,RB7327,176,88,50% Off
Ray-Ban,RB7330,,176,
Ray-Ban,RB6343,179,89.50,50% Off
Ray-Ban,RB6377,188,94,50% Off
Ray-Ban,RB7075,154,77,50% Off
Ray-Ban,RB5242,191,95.50,50% Off
Oakley,Pitchman (Low Bridge Fit),,255,
Oakley,Double Down,,242,
Oakley,Enigma Ink,,255,
Oakley,Frogskins (Low Bridge Fit),,172,
Oakley,Addams 0.5,,227,
Ray-Ban,RB3746V,,210,
Ray-Ban,RB3749V,,210,
Ray-Ban,RB3751V,,189,
Ray-Ban,RB3807VM,,317,
Ray-Ban,RB5431,,210,
Ray-Ban,RB5431F,,210,
Ray-Ban,RB5435,,189,
Ray-Ban,RB5435F,,189,
,,,,
Ray-Ban,RB5489,,210,
Ray-Ban,RB5489F,,210,
Ray-Ban,RB5586,,222,
Ray-Ban,RB6529,,189,
Ray-Ban,RB6545,,210,
Ray-Ban,RB7316V,,249,
Ray-Ban,RB7840V,,249,
Ray-Ban,RB0707VM,249,124.50,50% Off
Ray-Ban,RB6499,198,99,50% Off
Ray-Ban,RB8237V,452,226,50% Off
Ray-Ban,RB8258V,452,226,50% Off
Ray-Ban,RB8265V,452,226,50% Off
Oakley,Dissipate (Low Bridge Fit),,227,
Oakley,Ingress,,227,
Oakley,Kylian Mbappe Signature Series HSTN (Low Bridge Fit),,208,
Oakley,Metal Plate TI,,318,
Ray-Ban,RB7239,,176,
Ray-Ban,RB7239F,,176,
Ray-Ban,RB5398F,,198,
Ray-Ban,RB8794,,479,
Ray-Ban,RB7680V,,344,
Ray-Ban,RB7216F,,222,
Ray-Ban,RB3681V,,153,
Ray-Ban,RB3717V,,222,
,,,,
Ray-Ban,RB5419,,261,
Ray-Ban,RB6487,,189,
Ray-Ban,RB6509,,198,
Ray-Ban,RB6518,,249,
Ray-Ban,RB7199,,235,
Ray-Ban,RB7235,,249,
Ray-Ban,RB3447V,,210,
Ray-Ban,RB3758V,,176,
Ray-Ban,RB3875V,,222,
Ray-Ban,RB5440,,189,
Ray-Ban,RB5441,,189,
Ray-Ban,RB5510 - Skyler Optics,,210,
Ray-Ban,RB7255,,237,
Ray-Ban,RB7256,,210,
Ray-Ban,RB7258,,176,
Oakley,Burrow,,442,
Oakley,Enigma Mass,,255,
Oakley,Foil RQ,,163,
Oakley,Slender,,297,
Oakley,Upturn,,215,
Ray-Ban,RB6495,223,156.10,30% Off
Ray-Ban,RB7215F,210,147,30% Off
Ray-Ban,RB7225F,178,124.60,30% Off
Ray-Ban,RB8165V,452,316.40,30% Off
,,,,
Ray-Ban,RB5341,175,87.50,50% Off
Oakley,Admission (Low Bridge Fit),,176,
Oakley,Dehaven,,242,
Ray-Ban,RB2241VF,,210,
Ray-Ban,RB3732V,,189,
Ray-Ban,RB3733V,,189,
Ray-Ban,RB5017A,,210,
Ray-Ban,RB5418F,,198,
Ray-Ban,RB5421F,,210,
Ray-Ban,RB5429,,210,
Ray-Ban,RB5430F,,210,
Ray-Ban,RB5433,,178,
Ray-Ban,RB6520,,198,
Ray-Ban,RB6528,,166,
Ray-Ban,RB7231M - Scuderia Ferrari Collection,237,118.50,50% Off
Ray-Ban,RB7238F,,166,
Ray-Ban,RB7240M - Scuderia Ferrari Collection,,249,
Ray-Ban,RB7681V,,325,
Ray-Ban,RB8782,,479,
Ray-Ban,RB8789,,479,
Ray-Ban,RB5315D,,207,
Ray-Ban,RB6348D,182,127.40,30% Off
Ray-Ban,RB7022,154,107.80,30% Off
Ray-Ban,RB7085,143,100.10,30% Off
,,,,
Ray-Ban,RB7214F,210,147,30% Off
Ray-Ban,RB8762D,212,148.40,30% Off
Ray-Ban,RB2242VF,,198,
Ray-Ban,RB5406F,,178,
Ray-Ban,RB5422F,,198,
Ray-Ban,RB6281D,,207,
Ray-Ban,RB6594M - Scuderia Ferrari Collection,,274,
Ray-Ban,RB7168D,,207,
Ray-Ban,RB7307M,274,137,50% Off
Ray-Ban,RB7330F,,166,
Ray-Ban,RB3925V,222,155.40,30% Off
Ray-Ban,RB1644,,87,
Ray-Ban,RB5445F,,186,
Ray-Ban,RB5446,,186,
Ray-Ban,RB5446F,,186,
Ray-Ban,RB5449D,,210,
Ray-Ban,RB6543,,186,
Ray-Ban,RB6645,,210,
Ray-Ban,RB7260,,210,
Ray-Ban,RB8779D,,276,
Ray-Ban,RB8780D,,276,
,,,,
Ray-Ban,RB8781D,,249,
Ray-Ban,RB8783D,,249,
Ray-Ban,RB5416D,247,123.50,50% Off
Ray-Ban,RB6284,210,105,50% Off
Ray-Ban,RB6471L,142,71,50% Off
Ray-Ban,RB6482D,236,118,50% Off
Ray-Ban,RB7021,176,88,50% Off
Ray-Ban,RB7023,222,111,50% Off
Ray-Ban,RB8772D,311,155.50,50% Off
Ray-Ban,RB8773D,345,172.50,50% Off
Ray-Ban,RB8775D,277,138.50,50% Off
Ray-Ban,RB6480M-Scuderia Ferrari Collection,300,150,50% Off
Ray-Ban,RB5279,,222,
Ray-Ban,RB5277,,186,
Ray-Ban,RB5285,,222,
Ray-Ban,RB6238,,222,
Oakley,Persuasive,183,128.10,30% Off
Ray-Ban,RB5286,,222,
Ray-Ban,RB7017,,222,
Ray-Ban,RB8412,,276,
Oakley,Bottle Rocket 4.0,,276,
Ray-Ban,RB5150,,177,
Oakley,Metal Plate,,346,
,,,,
Ray-Ban,RB5206,,210,
Ray-Ban,RB5228,,222,
Oakley,Clubface,,276,
Oakley,Rhinochaser,,276,
Ray-Ban,RB5245,,210,
Oakley,Tumbleweed,,255,
Oakley,Currency,,276,
Dolce & Gabbana,DG3360,364,254.80,30% Off
Burberry,BE2172,,327,
Burberry,BE1348,,327,
Versace,VE1218,,286,
Versace,VE3186,,286,
Burberry,BE1268,,249,
Persol,PO9714VM - Folding,,422,
Persol,PO3092V,,333,
Burberry,BE1282,,311,
Burberry,BE2201,,265,
Burberry,BE2205,,311,
Versace,VE1232,256,128,50% Off
Versace,VE1233Q,,316,
Versace,VE3220,245,122.50,50% Off
Burberry,BE1289,264,132,50% Off
Persol,PO3143V,,333,
,,,,
Persol,PO3146V,260,130,50% Off
Burberry,BE2232,320,160,50% Off
Dolce & Gabbana,DG3258,,306,
Burberry,BE1308,290,145,50% Off
Burberry,BE2247,290,145,50% Off
Versace,VE3236,264,132,50% Off
Dolce & Gabbana,DG1290,316,158,50% Off
Dolce & Gabbana,DG3268,320,224,30% Off
Gucci,GG0011O,460,391,15% Off
Gucci,GG0013O,500,425,15% Off
Gucci,GG0025O,370,314.50,15% Off
Gucci,GG0026O,370,314.50,15% Off
Gucci,GG0027O,370,314.50,15% Off
Versace,VE1244,295,147.50,50% Off
Versace,VE3242A,,346,
Gucci,GG0093O,370,314.50,15% Off
Gucci,GG0131O,560,476,15% Off
Kate Spade,Glorianne,,245,
Burberry,BE2255Q,,358,
Burberry,BE2255QF - Alternate Fit,321,160.50,50% Off
Versace,VE1247,,346,
Dolce & Gabbana,DG5025,,306,
Gucci,GG0121O,370,314.50,15% Off
Persol,PO3189V,342,171,50% Off
,,,,
Versace,VE3251B,310,155,50% Off
Dolce & Gabbana,DG5026,,306,
Dolce & Gabbana,DG5027,280,140,50% Off
Gucci,GG0184O,500,425,15% Off
Gucci,GG0241O,680,476,30% Off
Gucci,GG0278O,465,395.25,15% Off
Burberry,BE1323,,327,
Dolce & Gabbana,DG5031,,335,
Gucci,GG0329O,460,230,50% Off
Gucci,GG0343O,465,395.25,15% Off
Burberry,BE2280,,327,
Dolce & Gabbana,DG5036,,335,
Gucci,GG0297OK - Alternate Fit,560,476,15% Off
Gucci,GG0383O,490,416.50,15% Off
Gucci,GG0385OA - Alternate Fit,445,378.25,15% Off
Gucci,GG0399O,590,413,30% Off
Gucci,GG0424O,465,395.25,15% Off
Versace,VE1255B,304,152,50% Off
Gucci,GG0396O,560,476,15% Off
Dolce & Gabbana,DG3305,411,287.70,30% Off
Dolce & Gabbana,DG3308,,335,
Dolce & Gabbana,DG1309,,300,
Dolce & Gabbana,DG5044,,261,
Versace,VE1263,270,135,50% Off
,,,,
Versace,VE3274B,,346,
Burberry,BE1337,275,137.50,50% Off
Burberry,BE2291,321,160.50,50% Off
Burberry,BE2306,248,124,50% Off
Persol,PO2460V,,342,
Persol,PO3218V,,348,
Gucci,GG0548O,430,301,30% Off
Gucci,GG0550O,405,344.25,15% Off
Gucci,GG0605O,680,476,30% Off
Persol,PO3007VM,,348,
Burberry,BE1340,275,137.50,50% Off
Burberry,BE1341,275,137.50,50% Off
Burberry,BE2311,275,137.50,50% Off
Burberry,BE2315,266,133,50% Off
Dolce & Gabbana,DG1322,,306,
Dolce & Gabbana,DG1323,,306,
Versace,VE1264,,286,
Versace,VE1266,304,152,50% Off
Kate Spade,Bendall,,250,
Kate Spade,Gabriella,,255,
Kate Spade,Hadlee,,250,
Kate Spade,Lowri/F - Alternate Fit,,250,
Gucci,GG0634O,305,259.25,15% Off
Gucci,GG0681O,560,476,15% Off
,,,,
Gucci,GG0692O,465,395.25,15% Off
Burberry,BE1343,275,137.50,50% Off
Burberry,BE2316,275,137.50,50% Off
Burberry,BE2317,275,137.50,50% Off
Burberry,BE2318,266,133,50% Off
Burberry,BE2318F - Alternate Fit,266,133,50% Off
Burberry,BE2319,275,137.50,50% Off
Dolce & Gabbana,DG3325,326,163,50% Off
Dolce & Gabbana,DG5053,252,126,50% Off
Versace,VE3282,278,139,50% Off
Versace,VE3283,278,139,50% Off
Versace,VE3284B,304,152,50% Off
Versace,VE3285,283,141.50,50% Off
Persol,PO5002VT,420,210,50% Off
Kate Spade,Arabel,,240,
Kate Spade,Tana/G,,250,
Gucci,GG0718O,500,425,15% Off
Gucci,GG0737O,500,425,15% Off
Gucci,GG0738O,500,425,15% Off
Gucci,GG0749O,305,259.25,15% Off
Gucci,GG0752O,465,395.25,15% Off
Kate Spade,Eliana/G,,255,
Gucci,GG0750O,400,340,15% Off
Gucci,GG0756OA - Alternate Fit,500,425,15% Off
,,,,
Kate Spade,Cailye,,240,
Kate Spade,Izabel/G,,250,
Burberry,BE2323,275,137.50,50% Off
Versace,VE3286,283,141.50,50% Off
Burberry,BE2325F - Alternate Fit,266,133,50% Off
Dolce & Gabbana,DG1330,316,158,50% Off
Burberry,BE1347,293,146.50,50% Off
Burberry,BE1350,293,146.50,50% Off
Burberry,BE2333,293,146.50,50% Off
Burberry,BE2334 Elm,,296,
Burberry,BE2334F Elm - Alternate fit,,296,
Dolce & Gabbana,DG3329,303,151.50,50% Off
Dolce & Gabbana,DG3334,,377,
Versace,VE1271,,286,
Versace,VE3293,,256,
Kate Spade,Marnie,,240,
Kate Spade,Raelynn,230,161,30% Off
Gucci,GG0819OA - Alternate Fit,575,488.75,15% Off
Gucci,GG0799O,475,403.75,15% Off
Gucci,GG0826O,460,322,30% Off
Gucci,GG0833O,560,476,15% Off
Kate Spade,Valencia/G,,250,
Persol,PO2478V,327,163.50,50% Off
Persol,PO3253V,342,171,50% Off
,,,,
Persol,PO3263V,,363,
Persol,PO3267V,,273,
Kate Spade,Audrina/G,,250,
Kate Spade,Ayla,255,178.50,30% Off
Kate Spade,Emmalee,,245,
Kate Spade,Joliet,230,161,30% Off
Kate Spade,Taya,,240,
Burberry,BE1354 Martha,321,224.70,30% Off
Burberry,BE1355,,327,
Burberry,BE2331,293,146.50,50% Off
Burberry,BE2332,293,146.50,50% Off
Burberry,BE2332F - Alternate Fit,293,146.50,50% Off
Burberry,BE2336,321,160.50,50% Off
Burberry,BE2338,293,146.50,50% Off
Burberry,BE2338F - Alternate Fit,293,146.50,50% Off
Burberry,BE2339 Harrington,,327,
Burberry,BE2340 Bolton,,296,
Dolce & Gabbana,DG1333,326,163,50% Off
Dolce & Gabbana,DG1337,352,176,50% Off
Dolce & Gabbana,DG5062,219,109.50,50% Off
Dolce & Gabbana,DG5066,248,124,50% Off
Dolce & Gabbana,DG5071,274,137,50% Off
Versace,VE1269,,376,
,,,,
Versace,VE1274,,316,
Versace,VE1275,,286,
Versace,VE3292,310,155,50% Off
Versace,VE3294,,300,
Versace,VE3294F - Alternate Fit,270,189,30% Off
Versace,VE3298B,,316,
Kate Spade,Bari,,175,
Kate Spade,Laval,,250,
Kate Spade,Massy,,175,
Kate Spade,Paris,,175,
Kate Spade,Tahlia,,175,
Persol,PO5005VT,420,210,50% Off
Gucci,GG0942O,460,322,30% Off
Gucci,GG0934OA,500,425,15% Off
Gucci,GG0968O,500,350,30% Off
Gucci,GG0958O,415,352.75,15% Off
Kate Spade,Gael,,250,
Kate Spade,Reilly/G,250,175,30% Off
Kate Spade,Seline,,255,
Burberry,BE1361 - Charley,321,160.50,50% Off
Burberry,BE2344 - Edison,309,154.50,50% Off
Burberry,BE2345 - Caroline,,296,
Burberry,BE2347 - Evelyn,,327,
Dolce & Gabbana,DG1338,352,176,50% Off
,,,,
Dolce & Gabbana,DG5072,248,124,50% Off
Dolce & Gabbana,DG5076,261,182.70,30% Off
Dolce & Gabbana,DG5078,274,191.80,30% Off
Versace,VE3303,,286,
Versace,VE3306F - Alternate Fit,256,128,50% Off
Persol,PO2486V,370,185,50% Off
Persol,PO2488V,354,177,50% Off
Persol,PO3275V,328,164,50% Off
Persol,PO3277V,286,143,50% Off
Persol,PO3278V,286,143,50% Off
Kate Spade,Darcie,205,143.50,30% Off
Gucci,GG0927O,385,327.25,15% Off
Gucci,GG0964O,415,290.50,30% Off
Gucci,GG1012O,465,395.25,15% Off
Gucci,GG1044O,500,425,15% Off
Gucci,GG0004ON,385,327.25,15% Off
Gucci,GG0038ON,465,395.25,15% Off
Gucci,GG0165ON,400,340,15% Off
Gucci,GG0560ON,490,416.50,15% Off
Gucci,GG0566ON,490,343,30% Off
Kate Spade,Chantelle,,205,
Kate Spade,Davina,,245,
Kate Spade,Emelyn,250,175,30% Off
Kate Spade,Hazen,,245,
,,,,
Kate Spade,Ivie,,250,
Kate Spade,Ninna/G,,245,
Kate Spade,Zeena/G,,250,
Burberry,BE1360 - York,293,146.50,50% Off
Burberry,BE1362 - Alma,321,160.50,50% Off
Dolce & Gabbana,DG3337,300,210,30% Off
Dolce & Gabbana,DG3342,316,158,50% Off
Dolce & Gabbana,DG3343,316,158,50% Off
Dolce & Gabbana,DG3346,343,171.50,50% Off
Dolce & Gabbana,DG5077,261,130.50,50% Off
Versace,VE3304,,286,
Versace,VE3309,,286,
Versace,VE3311,283,141.50,50% Off
Kate Spade,Pia,,175,
Burberry,BE2353,279,139.50,50% Off
Burberry,BE2355,321,160.50,50% Off
Burberry,BE2357,,296,
Dolce & Gabbana,DG3349,,335,
Versace,VE1279,,316,
Versace,VE3313,283,141.50,50% Off
Dolce & Gabbana,DG3347,,306,
Gucci,GG1075OA - Alternate Fit,460,322,30% Off
Gucci,GG1075O,460,322,30% Off
Burberry,BE1367,309,154.50,50% Off
,,,,
Burberry,BE2354,293,146.50,50% Off
Dolce & Gabbana,DG1340,316,158,50% Off
Dolce & Gabbana,DG5084,261,130.50,50% Off
Persol,PO3286V,314,157,50% Off
Versace,VE1283,,346,
Versace,VE3320U,,346,
Kate Spade,Aila,,175,
Kate Spade,Dora,175,122.50,30% Off
Kate Spade,Flavia,,250,
Kate Spade,Ilana,,250,
Kate Spade,Renne,,245,
Kate Spade,Talulah,,225,
Kate Spade,Verna,,245,
Kate Spade,Wanda,,195,
Kate Spade,Zahra,,230,
Gucci,GG1082O,545,463.25,15% Off
Burberry,BE2359,293,146.50,50% Off
Dolce & Gabbana,DG1341B,343,171.50,50% Off
Persol,PO3283V,342,171,50% Off
Persol,PO3292V,370,185,50% Off
Dolce & Gabbana,DG3352,,306,
Dolce & Gabbana,DG3354,,335,
Burberry,BE2358 - Isabella,266,133,50% Off
Gucci,GG1120O,370,314.50,15% Off
,,,,
Gucci,GG1138O,385,327.25,15% Off
Gucci,GG1144O,500,425,15% Off
Gucci,GG1157O,460,391,15% Off
Persol,PO3297V,342,171,50% Off
Burberry,BE1371,338,169,50% Off
Burberry,BE1372,309,154.50,50% Off
Burberry,BE2363,,358,
Burberry,BE2365,,327,
Burberry,BE2366U,279,139.50,50% Off
Burberry,BE2367,,296,
Burberry,BE2368,293,146.50,50% Off
Burberry,BE2368F,309,154.50,50% Off
Burberry,BE2369,309,154.50,50% Off
Burberry,BE2370U,266,133,50% Off
Dolce & Gabbana,DG3358,371,185.50,50% Off
Persol,PO3296V,286,200.20,30% Off
Persol,PO3301V,342,171,50% Off
Persol,PO3303V,286,143,50% Off
Versace,VE1285,,300,
Versace,VE3326U,,298,
Versace,VE3328,,286,
Versace,VE3330,,256,
Versace,VE3331U,310,155,50% Off
Burberry,BE2364,309,154.50,50% Off
,,,,
Dolce & Gabbana,DG5087,316,158,50% Off
Persol,PO3309V,370,185,50% Off
Persol,PO3312V,342,171,50% Off
Persol,PO3315V,,363,
Persol,PO3318V,,348,
Burberry,BE2379U-Charlie,,296,
Versace,VE1284,310,155,50% Off
Versace,VE1287,,376,
Versace,VE1289,298,149,50% Off
Burberry,BE2378-Ellis,309,154.50,50% Off
Versace,VE1290,326,163,50% Off
Burberry,BE2378F-Ellis,,327,
Burberry,BE1376-Virginia,338,169,50% Off
Burberry,BE2373U-Angelica,358,179,50% Off
Versace,VE3329B,,346,
Burberry,BE2374,338,169,50% Off
Burberry,BE2377-Bailey,338,169,50% Off
Versace,VE3334,326,163,50% Off
Versace,VE3334F,326,228.20,30% Off
Versace,VE3336U,326,163,50% Off
Versace,VE3337,354,177,50% Off
Versace,VE3339U,354,247.80,30% Off
Dolce & Gabbana,DG5099,,232,
Dolce & Gabbana,DG3372,316,221.20,30% Off
,,,,
Dolce & Gabbana,DG3374,316,158,50% Off
Dolce & Gabbana,DG3368,343,171.50,50% Off
Dolce & Gabbana,DG3369,371,185.50,50% Off
Versace,VE3335,326,163,50% Off
Versace,VE3338,354,177,50% Off
Versace,VE3340U,,346,
Burberry,BE 1375,,327,
Burberry,BE 2375,279,139.50,50% Off
Burberry,BE2376,309,154.50,50% Off
Gucci,GG1193O,575,488.75,15% Off
Gucci,GG1205O,605,302.50,50% Off
Gucci,GG1222O,605,423.50,30% Off
Persol,PO1935V,314,157,50% Off
Gucci,GG1133O,385,327.25,15% Off
Gucci,GG1176O,415,290.50,30% Off
Gucci,GG1204O,605,514.25,15% Off
Gucci,GG1265O,490,416.50,15% Off
Gucci,GG1285O,545,463.25,15% Off
Gucci,GG1290O,575,488.75,15% Off
Gucci,GG1295O,605,514.25,15% Off
Gucci,GG1297O,605,423.50,30% Off
Gucci,GG1302O,590,501.50,15% Off
Gucci,GG1303O,590,501.50,15% Off
,,,,
Gucci,GG1341O,305,259.25,15% Off
Gucci,GG1359O,430,365.50,15% Off
Burberry,BE2387,,327,
Burberry,BE2388,338,169,50% Off
Burberry,BE2390,,296,
Gucci,GG1003O,430,365.50,15% Off
Gucci,GG1183O,490,245,50% Off
Gucci,GG1258O,430,365.50,15% Off
Gucci,GG1271O,500,425,15% Off
Gucci,GG1272O,500,425,15% Off
Gucci,GG1273O,590,501.50,15% Off
Gucci,GG1274O,590,295,50% Off
Gucci,GG1291O,575,488.75,15% Off
Gucci,GG1293OA,490,416.50,15% Off
Gucci,GG1299O,590,413,30% Off
Gucci,GG1306OA,560,476,15% Off
Gucci,GG1318O,430,365.50,15% Off
Gucci,GG1319O,430,365.50,15% Off
Gucci,GG1320O,415,352.75,15% Off
Gucci,GG1334O,415,352.75,15% Off
Gucci,GG1343O,305,259.25,15% Off
Versace,VE3342,,316,
Versace,VE3345,326,163,50% Off
,,,,
Versace,VE3346,376,263.20,30% Off
Burberry,BE2388F,338,169,50% Off
Dolce & Gabbana,DG3359,371,259.70,30% Off
Versace,VE1292,383,191.50,50% Off
Versace,VE3344,326,163,50% Off
Versace,VE3344F,326,228.20,30% Off
Versace,VE3347,,376,
Versace,VE3348,346,242.20,30% Off
Versace,VE3350,,376,
Burberry,BE1380,309,154.50,50% Off
Burberry,BE1381,,358,
Burberry,BE2384,327,228.90,30% Off
Burberry,BE2387F,309,154.50,50% Off
Persol,PO3325V,,393,
Persol,PO3329V,,422,
Persol,PO3334V,,393,
Persol,PO3340V,422,295.40,30% Off
Burberry,BE2391,309,154.50,50% Off
Dolce & Gabbana,DG3375B,,393,
Dolce & Gabbana,DG3377,,364,
Dolce & Gabbana,DG3378,343,240.10,30% Off
Dolce & Gabbana,DG3380,,393,
Dolce & Gabbana,DG5106U,343,171.50,50% Off
Kate Spade,Acerra,,245,
,,,,
Kate Spade,Addisyn,,250,
Kate Spade,Anaya,,195,
Kate Spade,Everleigh,,230,
Kate Spade,Hana,,230,
Kate Spade,Irene,,245,
Kate Spade,Laylani,230,161,30% Off
Kate Spade,Leanna/G,,240,
Kate Spade,Muriel/G,,245,
Kate Spade,Paityn/G,,245,
Kate Spade,Samara/G,,240,
Kate Spade,Scarletta/G,,250,
Kate Spade,Serenity/G,,240,
Kate Spade,Tianna,,240,
Kate Spade,Violette,240,168,30% Off
Burberry,BE2356,293,146.50,50% Off
Versace,VE1280,,300,
Versace,VE3315,256,128,50% Off
Burberry,BE1366,309,154.50,50% Off
Burberry,BE2386,309,154.50,50% Off
Dolce & Gabbana,DG3376B,371,259.70,30% Off
Dolce & Gabbana,DG3379,371,259.70,30% Off
Persol,PO3345V,,422,
Persol,PO3351V,,363,
Persol,PO3348V,,452,
,,,,
Persol,PO3347V,,452,
Burberry,BE2403,,358,
Burberry,BE2406U,,421,
Burberry,BE2408U,483,338.10,30% Off
Burberry,BE2409,368,257.60,30% Off
Burberry,BE2410,,311,
Burberry,BE2411,,311,
Dolce & Gabbana,DG1353,425,297.50,30% Off
Dolce & Gabbana,DG3387,,364,
Dolce & Gabbana,DG3389,,371,
Dolce & Gabbana,DG3393,364,254.80,30% Off
Dolce & Gabbana,DG3395,,422,
Versace,VE3354F,,406,
Versace,VE3352U,270,135,50% Off
Versace,VE3362U,,357,
Versace,VE3355U,286,200.20,30% Off
Versace,VE3353,,376,
Versace,VE1298,,346,
Versace,VE3356,346,242.20,30% Off
Versace,VE3354,,406,
Versace,VE3317,256,128,50% Off
Versace,VE3318,310,155,50% Off
Gucci,GG1221O,605,514.25,15% Off
Gucci,GG1590O,415,352.75,15% Off
,,,,
Gucci,GG1549O,525,446.25,15% Off
Gucci,GG1548O,525,446.25,15% Off
Gucci,GG1536O,370,314.50,15% Off
Gucci,GG1530O,605,514.25,15% Off
Gucci,GG1586O,490,416.50,15% Off
Gucci,GG1577O,500,425,15% Off
Gucci,GG1540O,370,314.50,15% Off
Gucci,GG1526O,490,416.50,15% Off
Gucci,GG1519O,630,535.50,15% Off
Kate Spade,Belen,,245,
Kate Spade,Charlee,,245,
Kate Spade,Lucyann,230,161,30% Off
Kate Spade,Madisyn/G,240,168,30% Off
Kate Spade,Noel/G,,250,
Kate Spade,Ophelia/F,,245,
Gucci,GG1344O,305,259.25,15% Off
Kate Spade,AUBRIE,175,122.50,30% Off
Kate Spade,CECILY,,175,
Kate Spade,CELESTINE,,240,
Kate Spade,ELODIE,,175,
Kate Spade,LUCINDA,,240,
Kate Spade,NATALY,240,168,30% Off
Kate Spade,TILLIE,175,122.50,30% Off
Gucci,GG1580O,305,259.25,15% Off
,,,,
Gucci,GG1581O,305,259.25,15% Off
Gucci,GG1584O,305,259.25,15% Off
Gucci,GG1509O,525,446.25,15% Off
Gucci,GG1510O,525,446.25,15% Off
Dolce & Gabbana,DG3364F,288,144,50% Off
Versace,VE1288,298,149,50% Off
Persol,PO3355V,,363,
Persol,PO3358V,,363,
Persol,PO3362V,,393,
Persol,PO3364V,,393,
Versace,VE1302,,526,
Versace,VE3363U,,300,
Versace,VE3364U,,300,
Versace,VE3365U,,300,
Versace,VE3366,,450,
Versace,VE3367U,,376,
Versace,VE3368U,,376,
Kate Spade,Crishell,,240,
Dolce & Gabbana,DG3397,,393,
Dolce & Gabbana,DG3398,,364,
Dolce & Gabbana,DG3399,,364,
Dolce & Gabbana,DG3404,,422,
Dolce & Gabbana,DG3405,,422,
Dolce & Gabbana,DG3406,,422,
,,,,
Dolce & Gabbana,DG3407,,422,
Dolce & Gabbana,DG3409,,451,
Burberry,BE1389,,390,
Burberry,BE1390,,390,
Burberry,BE1391,,390,
Burberry,BE2415,,327,
Burberry,BE2415F,,327,
Burberry,BE2416F,,327,
Burberry,BE2417,,327,
Burberry,BE2417F,,327,
Burberry,BE2418U,,390,
Burberry,BE2419,,483,
Burberry,BE2420,,421,
Burberry,BE2421,,421,
Burberry,BE2423D,,390,
Burberry,BE2425D,,327,
Burberry,BE2426D,,390,
Burberry,BE2416,,327,
Kate Spade,AMABELLA/G,,245,
Kate Spade,CLIO/G,,245,
Kate Spade,CLOVER/F,270,189,30% Off
Kate Spade,KATTALIN/F,,240,
Kate Spade,LELIA,,230,
Kate Spade,MADRIGAL/G,,225,
,,,,
Kate Spade,MARJORIE,,240,
Kate Spade,ROSALIND/G,,240,
Kate Spade,SUKI/F,,225,
Persol,PO1005V,327,163.50,50% Off
Persol,PO1007V,342,171,50% Off
Persol,PO1008V,342,171,50% Off
Persol,PO1010V,342,171,50% Off
Persol,PO2471V,322,161,50% Off
Persol,PO2490V,300,150,50% Off
Persol,PO2491V,300,150,50% Off
Persol,PO2494V,327,163.50,50% Off
Persol,PO2495V,327,163.50,50% Off
Persol,PO3284V,342,171,50% Off
Persol,PO3294V,391,273.70,30% Off
Persol,PO3295V,391,273.70,30% Off
Persol,PO3314V,314,157,50% Off
Persol,PO3317V,328,164,50% Off
Versace,VE3341U,,346,
Burberry,BE2375,279,139.50,50% Off
Dolce & Gabbana,DG1346,316,158,50% Off
Dolce & Gabbana,DG1347,316,158,50% Off
Dolce & Gabbana,DG1348,316,158,50% Off
Dolce & Gabbana,DG3361,343,171.50,50% Off
Dolce & Gabbana,DG3363,,306,
,,,,
Dolce & Gabbana,DG3363F,288,144,50% Off
Dolce & Gabbana,DG3364,288,144,50% Off
Dolce & Gabbana,DG3365,288,144,50% Off
Dolce & Gabbana,DG3367,343,171.50,50% Off
Dolce & Gabbana,DG3370,371,185.50,50% Off
Dolce & Gabbana,DG3371,371,185.50,50% Off
Dolce & Gabbana,DG3371F,371,185.50,50% Off
Gucci,GG1598O,385,327.25,15% Off
Gucci,GG1597O,385,327.25,15% Off
Gucci,GG1594O,500,425,15% Off
Gucci,GG1589O,415,352.75,15% Off
Gucci,GG1522O,490,416.50,15% Off
Gucci,GG1573O,340,289,15% Off
Gucci,GG1572O,340,289,15% Off
Gucci,GG1539O,370,314.50,15% Off
Gucci,GG1525O,490,416.50,15% Off
Dolce & Gabbana,DG5083,261,182.70,30% Off
Dolce & Gabbana,DG5105U,343,171.50,50% Off
Persol,PO1001V,327,163.50,50% Off
Burberry,BE2352F,,327,
Burberry,BE1377,309,154.50,50% Off
Dolce & Gabbana,DG3362,343,171.50,50% Off
Persol,PO3339V,,348,
Persol,PO3331V,370,185,50% Off
,,,,
Versace,VE3343,298,208.60,30% Off
Versace,VE3349U,316,221.20,30% Off
Persol,PO3337V,,348,
Persol,PO3338V,348,174,50% Off
Gucci,GG1669O,515,437.75,15% Off
Gucci,GG1682O,430,365.50,15% Off
Gucci,GG1687O,430,365.50,15% Off
Gucci,GG1693O,445,378.25,15% Off
Gucci,GG1694OA,445,378.25,15% Off
Gucci,GG1715O,305,259.25,15% Off
Gucci,GG1717O,305,259.25,15% Off
Gucci,GG1728O,370,314.50,15% Off
Gucci,GG1729O,370,314.50,15% Off
Gucci,GG1731O,545,463.25,15% Off
Gucci,GG1737O,400,340,15% Off
Persol,PO3371V,,393,
Persol,PO3372V,,363,
Persol,PO3377V,,393,
Burberry,BE1392,,421,
Burberry,BE1394,,390,
Burberry,BE2427U,,358,
Burberry,BE2428U,,390,
Burberry,BE2430,,327,
Burberry,BE2431,,327,
,,,,
Burberry,BE2433U,,327,
Dolce & Gabbana,DG1359,,335,
Dolce & Gabbana,DG1360,,316,
Dolce & Gabbana,DG1361,,453,
Dolce & Gabbana,DG3410,,335,
Dolce & Gabbana,DG3413,,422,
Dolce & Gabbana,DG3415,,335,
Dolce & Gabbana,DG3419,,393,
Dolce & Gabbana,DG3421,,364,
Versace,VE1304,,316,
Versace,VE1305,,450,
Versace,VE1306,,406,
Versace,VE1307,,406,
Versace,VE3372U,,376,
Versace,VE3374U,,316,
Versace,VE3375,,286,
Versace,VE3377U,,346,
Versace,VE3378D,,316,
Burberry,BE1378D,338,236.60,30% Off
Burberry,BE1382D,338,236.60,30% Off
Burberry,BE2356F,293,146.50,50% Off
Burberry,BE2385U,279,139.50,50% Off
Burberry,BE2389,279,139.50,50% Off
,,,,
Burberry,BE2392,338,169,50% Off
Versace,VE1296,354,177,50% Off
Versace,VE3359,354,177,50% Off
Gucci,GG1035O,370,259,30% Off
Gucci,GG1225O,575,402.50,30% Off
Dolce & Gabbana,DG3381,343,240.10,30% Off
Dolce & Gabbana,DG5102,288,144,50% Off
Dolce & Gabbana,DG5107,411,287.70,30% Off
Burberry,BE1368,293,146.50,50% Off
Burberry,BE1370D,309,154.50,50% Off
Burberry,BE1374TD,309,216.30,30% Off
Kate Spade,Aggie,,205,
Kate Spade,Atalina/F,,245,
Kate Spade,Cinzia,,225,
Kate Spade,Claudie/G,,245,
Kate Spade,Conceta/FJ,245,171.50,30% Off
Burberry,BE2382D,309,154.50,50% Off
Burberry,BE2386F,309,216.30,30% Off
Burberry,BE2392F,338,236.60,30% Off
Versace,VE1281,270,135,50% Off
Versace,VE3317F,256,128,50% Off
Versace,VE3335F,310,155,50% Off
Versace,VE3357,326,228.20,30% Off
Versace,VE3358B,453,317.10,30% Off
,,,,
Dolce & Gabbana,DG3373,,335,
Dolce & Gabbana,DG3383,,364,
Gucci,GG1414O,575,488.75,15% Off
Gucci,GG1415O,575,402.50,30% Off
Gucci,GG1418O,500,350,30% Off
Gucci,GG1423O,495,420.75,15% Off
Gucci,GG1466OA,575,488.75,15% Off
Gucci,GG1424O,430,365.50,15% Off
Gucci,GG1465OA,460,391,15% Off
Gucci,GG1428O,430,365.50,15% Off
Gucci,GG1433O,460,322,30% Off
Gucci,GG1458O,460,322,30% Off
Gucci,GG1451O,545,463.25,15% Off
Gucci,GG1434O,620,527,15% Off
Gucci,GG1448O,490,416.50,15% Off
Gucci,GG1447O,445,311.50,30% Off
Gucci,GG1445O,445,378.25,15% Off
Gucci,GG1442O,665,465.50,30% Off
Persol,PO3298V,328,164,50% Off
Persol,PO3344V,,363,
Persol,PO3352V,393,196.50,50% Off
Persol,PO3353V,,342,
Gucci,GG1197OA,590,501.50,15% Off
Burberry,BE1369TD,309,154.50,50% Off
,,,,
Burberry,BE1373,334,233.80,30% Off
Burberry,BE1375,309,154.50,50% Off
Burberry,BE2384F,309,154.50,50% Off
Gucci,GG1025O,500,350,30% Off
Gucci,GG1208O,605,423.50,30% Off
Dolce & Gabbana,DG3353,316,221.20,30% Off
Kate Spade,CORINA,,240,
Kate Spade,LAUREL,,240,
Kate Spade,DOVE/G,,245,
Kate Spade,ZELDA,,240,
Kate Spade,ESTI,,205,
Kate Spade,TEMPERANCE,,245,
Kate Spade,POSI,,245,
Kate Spade,PIXIE,,175,
Kate Spade,FABLE,,245,
Kate Spade,GAIA,,225,
Kate Spade,GRACY,,175,
Kate Spade,RAYA,,175,
Kate Spade,MACKINLEY,,175,
Kate Spade,LIORA/G,,240,
Kate Spade,LEOTA/G,,245,
Kate Spade,HALLIE/G,,245,
Kate Spade,PAYTON/F,,245,
Kate Spade,LUCYANN/F,,230,
,,,,
Kate Spade,HAZEN/F,,245,
Kate Spade,LUELLA/F,,240,
Kate Spade,JERI/F,,240,
Burberry,BE1352D,,309,
Burberry,BE1386,368,257.60,30% Off
Burberry,BE2407,421,294.70,30% Off
Burberry,BE2410F,311,217.70,30% Off
Versace,VE1301,526,368.20,30% Off
Versace,VE3366F,450,315,30% Off
Kate Spade,KS Delanie,,195,
Kate Spade,KS Kinny/G,,240,
Kate Spade,KS Kora/G,,205,
Kate Spade,KS Mandee,,240,
Kate Spade,KS Marnie 2/G,,240,
Kate Spade,KS ORA,,240,
Kate Spade,KS ROZALYN/G,,240,
Kate Spade,KS SHIANNE/G,,225,
Kate Spade,KS TEYA,,225,
Kate Spade,KS ZEENA 2/G,,240,
Persol,PO3012V,,333,
Persol,PO2410VJ,,363,
Burberry,BE2108,,265,
Persol,PO3050V,,333,
Kate Spade,Brylie,240,168,30% Off
,,,,
Kate Spade,Johnna,,255,
Kate Spade,Laurianne,245,171.50,30% Off
Kate Spade,Atalina,245,171.50,30% Off
Kate Spade,Diandra,,255,
Kate Spade,Jeri,240,168,30% Off
Kate Spade,Lucyann 2,230,161,30% Off
Kate Spade,Vandra,,250,
Kate Spade,Emilyn,,255,
Kate Spade,Jabria,,245,
Kate Spade,Jonae,,265,
Kate Spade,Karlyn,255,178.50,30% Off
Kate Spade,Adrie,,245,
Kate Spade,Brieana,,255,
Kate Spade,Bronwen,,240,
Kate Spade,Cardea,,245,
Kate Spade,Luella,,240,
Kate Spade,Maci,,240,
Kate Spade,Kamila,,230,
Kate Spade,Natalia,240,168,30% Off
Kate Spade,Payton,230,161,30% Off
Kate Spade,Rainey,,245,
Persol,PO2886V - Folding,,422,
Burberry,BE2073,,249,
Persol,PO3007V,,333,
,,,,
Versace,VE1066,,270,
Versace,VE1184,,270,
Ray-Ban Junior,RY1535,,122,
Ray-Ban Junior,RY1536,,110,
Guess,GM0243,308,154,50% Off
Ray-Ban Junior,RY1549,,122,
Guess,GM0281,308,154,50% Off
Ray-Ban Junior,RY1554,,110,
Ray-Ban Junior,RY1555,,122,
Guess,GU2583,208,104,50% Off
Ray-Ban Junior,RY1570,134,93.80,30% Off
Guess,GU2658,235,117.50,50% Off
Guess,GU2673,208,104,50% Off
Guess,GU2677,235,117.50,50% Off
Guess,GU2687,230,115,50% Off
Guess,GU1952,208,104,50% Off
Guess,GU1954,208,104,50% Off
Guess,GU2674,208,104,50% Off
Ray-Ban Junior,RY1053,,134,
Ray-Ban Junior,RY1587,,110,
Ray-Ban Junior,RY1586,,98,
Ray-Ban Junior,RY1588,,122,
Guess,GU2725,195,97.50,50% Off
,,,,
Guess,GU2731,208,104,50% Off
Oakley Youth,Steel Plate XS,,135,
Oakley Youth,Shifter XS,,123,
Oakley Youth,Crosslink XS,,135,
Oakley Youth,Airdrop XS,,135,
Oakley Youth,Milestone XS,,135,
Oakley Youth,Marshal XS,,135,
Oakley Youth,Airdrop XS - Alternate Fit,,135,
Oakley Youth,Field Day,,135,
Oakley Youth,Twin Tail,116,81.20,30% Off
Oakley Youth,Frogskins XS,,144,
Oakley Youth,Cartwheel,,123,
Guess,GU2754,208,104,50% Off
Ray-Ban Junior,RY1591,,110,
Guess,GU1993,200,100,50% Off
Ray-Ban Junior,RY1592,,110,
Ray-Ban Junior,RY1598,,98,
Guess,GU2792,238,119,50% Off
Guess,GU50003,192,96,50% Off
Guess,GU50007-D,230,115,50% Off
Ray-Ban Junior,RY1901,88,44,50% Off
Guess,GU2813,184,92,50% Off
Oakley Youth,Round Off,,123,
Ray-Ban Junior,RY1601,,87,
,,,,
Oakley Youth,Full Count,,135,
Guess,GU50018,208,104,50% Off
Oakley Youth,Round Out,,135,
Oakley Youth,Top Level,,123,
Oakley Youth,Whipback,,123,
Oakley Youth,Drop Kick,,116,
Guess,GU2848,194,97,50% Off
Guess,GU2849,192,96,50% Off
Guess,GU2855-S,243,121.50,50% Off
Ray-Ban Junior,RY1555F,,122,
Guess,GU2878,194,135.80,30% Off
Guess,GU2879,238,119,50% Off
Guess,GU2880,227,113.50,50% Off
Guess,GU2881,205,102.50,50% Off
Guess,GU50045,227,113.50,50% Off
Oakley Youth,Double Steal,,123,
Oakley Youth,Top Level - Alternate Fit,,123,
Guess,GU2888-D,216,108,50% Off
Guess,GU2912,221,110.50,50% Off
Guess,GU50055-D,227,113.50,50% Off
Guess,GU50063,208,104,50% Off
Guess,GU2908,205,143.50,30% Off
Guess,GU2874,227,113.50,50% Off
Ray-Ban Junior,RY9074V,,87,
,,,,
Guess,GU2903,180,126,30% Off
Guess,GU2904,189,94.50,50% Off
Oakley Youth,Quad Out,,135,
Ray-Ban Junior,RY9093V,,87,
Ray-Ban Junior,RY1612,87,60.90,30% Off
Ray-Ban Junior,RY9074VF - Alternate Fit,,87,
Ray-Ban Junior,RY9095V - Thalia,,87,
Ray-Ban Junior,RY9075VF - Alternate Fit,82,57.40,30% Off
Guess,GU2918-D,216,108,50% Off
Guess,GU5222,230,115,50% Off
Guess,GU2935,192,96,50% Off
Guess,GU2940,208,104,50% Off
Ray-Ban Junior,RY1058,,98,
Ray-Ban Junior,RY1619,,87,
Ray-Ban Junior,RY9707V,93,46.50,50% Off
Guess,GU2960,235,117.50,50% Off
Guess,GU50082,192,96,50% Off
Guess,GU50087-D,184,92.70,50% Off
Guess,GU50088-D,203,101.50,50% Off
Guess,GU2962-D,203,101.50,50% Off
Guess,GU2958,208,104,50% Off
Guess,GU2956,208,104,50% Off
Guess,GU2953,208,104,50% Off
Guess,GU2952,208,104,50% Off
,,,,
Ray-Ban Junior,RY9097V Elliot Optics Kids,,87,
Ray-Ban Junior,RY9572V Rob Optics Kids,,98,
Guess,GM0390,257,128.50,50% Off
Guess,GU2943,227,113.50,50% Off
Guess,GU2965,192,96,50% Off
Guess,GU2967,208,104,50% Off
Guess,GU2969,208,104,50% Off
Guess,GU50089,176,88,50% Off
Oakley Youth,Doting,,135,
Oakley Youth,Bunt,,123,
Guess,GU8281,176,88,50% Off
Guess,GM0397,243,121.50,50% Off
Guess,GM0399,243,121.50,50% Off
Guess,GU2978,195,97.50,50% Off
Ray-Ban Junior,RY1628,87,60.90,30% Off
Ray-Ban Junior,RY1627,98,68.60,30% Off
Ray-Ban Junior,RY9078V,87,60.90,30% Off
Guess,GU2966,176,88,50% Off
Guess,GU2977,166,85.50,48% Off
Guess,GU2979,227,113.50,50% Off
Guess,GU2980,227,113.50,50% Off
Guess,GU50077-D,221,110.50,50% Off
Guess,GM50000,243,121.50,50% Off
Guess,GU2982,208,104,50% Off
,,,,
Guess,GU2983,208,104,50% Off
Guess,GU2992-D,184,92.70,50% Off
Guess,GM50009,257,128.50,50% Off
Guess,GM50008,257,128.50,50% Off
Guess,GM50007,284,142,50% Off
Guess,GM50006,284,142,50% Off
Guess,GU50154-D,184,92.70,50% Off
Guess,GU50153-D,184,92.70,50% Off
Guess,GU50130,192,96,50% Off
Guess,GU50133,192,96,50% Off
Guess,GU50131,208,104,50% Off
Guess,GU50095,192,96,50% Off
Guess,GU2985,208,104,50% Off
Guess,GU2984,227,113.50,50% Off
Oakley Youth,Field Day Introspect Collection,,135,
Oakley Youth,Flip-Kick,,135,
Ray-Ban Junior,RY1632,,87,
Ray-Ban Junior,RY9098V,111,77.70,30% Off
Ray-Ban Junior,RY9594V,98,68.60,30% Off
Guess,GM50013,257,128.50,50% Off
Guess,GM50012,251,125.50,50% Off
Guess,GU50126,216,108,50% Off
Guess,GU50124,230,115,50% Off
Guess,GU50122,208,104,50% Off
,,,,
Guess,GU50135,208,104,50% Off
Guess,GU50121,208,104,50% Off
Guess,GU50132,208,104,50% Off
Guess,GU50116,230,115,50% Off
Guess,GU50094,192,96,50% Off
Guess,GU50145,195,97.50,50% Off
Guess,GU50150,192,96,50% Off
Guess,GU50196,230,115,50% Off
Guess,GU50197,230,115,50% Off
Guess,GU50198,230,115,50% Off
Oakley Youth,Field Marsh,,135,
Oakley Youth,Quad Out (Low Bridge Fit),,135,
Ray-Ban Junior,RB1636,,111,
Ray-Ban Junior,RB1905,,87,
Guess,GU50149,192,96,50% Off
Guess,GU50120,227,113.50,50% Off
Guess,GU50119,208,104,50% Off
Guess,GU50114,211,105.50,50% Off
Guess,GU50115,192,96,50% Off
Guess,GU50112,192,96,50% Off
Guess,GM50011,243,121.50,50% Off
Guess,GM50010,243,121.50,50% Off
Guess,GU50194,184,92.70,50% Off
Guess,GU50163,184,92.70,50% Off
,,,,
Guess,GU50162,184,92.70,50% Off
Guess,GU50118,230,115,50% Off
Guess,GU50123,203,101.50,50% Off
Guess,GU50206-D,203,101.50,50% Off
Guess,GU50203-D,203,101.50,50% Off
Guess,GU50201-D,184,92.70,50% Off
Guess,GU50193,227,113.50,50% Off
Guess,GU50191,208,104,50% Off
Guess,GU50190,208,104,50% Off
Guess,GU50185,227,113.50,50% Off
Guess,GU50183,192,96,50% Off
Guess,GU50181,208,104,50% Off
Guess,GU50179,208,104,50% Off
Guess,GU50174,208,104,50% Off
Guess,GM50019,284,142,50% Off
Guess,GM50018,284,142,50% Off
Guess,GM50017,284,142,50% Off
Guess,GM50016,284,142,50% Off
Guess,GM50014,243,121.50,50% Off
Guess,GU50180,230,115,50% Off
Guess,GU50184,170,85,50% Off
Guess,GU50186,167,85.50,49% Off
Guess,GU50169,170,85,50% Off
Guess,GU50170,170,85,50% Off
,,,,
Guess,GU50172,195,97.50,50% Off
Guess,GU50173,195,97.50,50% Off
Guess,GU50176,195,97.50,50% Off
Ray-Ban Junior,RY1621,,87,
Ray-Ban Junior,RB1642,,105,
Guess,GU2976,184,92,50% Off
Guess,GU2975,211,105.50,50% Off
Guess,GU2974,211,105.50,50% Off
Guess,GU2959,224,112,50% Off
Guess,GU2957,230,115,50% Off
Guess,GU2954,230,115,50% Off
Guess,GU2950,175,122.50,30% Off
Guess,GU2872,238,119,50% Off
Guess,GU2850,176,123.20,30% Off
Guess,GU50097,230,115,50% Off
Guess,GU50079,238,119,50% Off
Ray-Ban Junior,RB9082V,,115,
Guess,GU2986,203,101.50,50% Off
Guess,GU50256-D,221,110.50,50% Off
Guess,GU50255-D,216,108,50% Off
Guess,GU50240,192,96,50% Off
Guess,GU50235,235,117.50,50% Off
Guess,GU50234,235,117.50,50% Off
Guess,GU50230,227,113.50,50% Off
,,,,
Guess,GU50229,227,113.50,50% Off
Guess,GU50187,167,85.50,49% Off
Guess,GU50224,192,96,50% Off
Guess,GU50225,192,96,50% Off
Guess,GU50227,208,104,50% Off
Guess,GU50232,208,104,50% Off
Guess,GU50242,227,113.50,50% Off
Guess,GU50243,226,113,50% Off
Guess,GU50244,226,113,50% Off
Oakley Youth,Sando,,135,
Oakley Youth,Humbly,123,61.50,50% Off
Oakley Youth,Kick Over,,135,
Ray-Ban Junior,RB1053,,126,
Ray-Ban Junior,RB1058,,93,
Ray-Ban Junior,RB1549,,122,
Ray-Ban Junior,RB1587,,103,
Ray-Ban Junior,RB1620,82,41,50% Off
Ray-Ban Junior,RB9074V,,82,
Ray-Ban Junior,RB9095V,,82,
Ray-Ban Junior,RB9097V,,87,
Ray-Ban Junior,RB9098V,,111,
Ray-Ban Junior,RB9572V,,93,
Guess,GU50246,167,87.30,48% Off
Guess,GU50233,208,104,50% Off
,,,,
Guess,GU50223,192,96,50% Off
Guess,GM50039,270,135,50% Off
Guess,GM50038,257,128.50,50% Off
Guess,GM50037,270,135,50% Off
Guess,GM50036,270,135,50% Off
Guess,GM50030,243,121.50,50% Off
Guess,GM50029,243,121.50,50% Off
Oakley Youth,Full Turn,135,67.50,50% Off
Oakley Youth,Aglow,,135,
Oakley Youth,Fielder,,135,
Oakley Youth,Humbly (Low Bridge Fit),,123,
Ray-Ban Junior,RB1059,82,41,50% Off
Ray-Ban Junior,RB1555,,115,
Ray-Ban Junior,RB1591,,103,
Ray-Ban Junior,RB1598,,93,
Ray-Ban Junior,RB1627,93,46.50,50% Off
Ray-Ban Junior,RB1632,,82,
Ray-Ban Junior,RB9075V,,82,
Guess,GU50252,167,87.30,48% Off
Guess,GU50249,192,96,50% Off
Guess,GU50247,192,96,50% Off
Guess,GU50245,167,87.30,48% Off
Guess,GU50238,192,96,50% Off
Ray-Ban Junior,RB1625D,,119,
,,,,
Ray-Ban Junior,RY1528,,122,
Guess,GU1731,200,100,50% Off
Ray-Ban Junior,RY1530,,110,
Ray-Ban Junior,RY1531,,122,
Ray-Ban Meta Gen 1,RW4006 - Wayfarer,,379,
Starck,SH1043X,442,309.40,30% Off
Costa,Bimini Road 400,,183,
Vera Bradley Kids,Meadow,,126.39,
Nike,7117,219,175.20,20% Off
CHARMANT Titanium Perfection,CT 29129,282.17,169.30,40% Off
Cole Haan,CH4500,210.60,168.48,20% Off
Stetson,Stetson XL 19,194.88,97.44,50% Off
Marc Jacobs,Marc 766,235,141,40% Off
Liz Claiborne,L 654,210,136.50,35% Off
Caterpillar,CTO-3013,139,118.15,15% Off
Safilo Elasta,E 3069,225,112.50,50% Off
RALPH by Ralph Lauren,RA7039,,141,
XXL,Guardian,205,102.50,50% Off
Aristar,AR 18664,125,97.50,22% Off
Via Spiga,Pia,209.88,104.94,50% Off
Via Spiga,Benedetta,209.88,104.94,50% Off
XXL,Hawkeye,182.38,91.19,50% Off
Gizmo Rubber,GZ 1008,101.14,91.02,10% Off
Stetson,Stetson XL 45,194.88,97.44,50% Off
,,,,
Polo Kids,PP8520,,114,
Original Penguin,The Charlton,218,174.31,20% Off
Takumi,TK903 No Clip-On Lens,209.98,115.74,45% Off
Takumi,TK904 No Clip-On Lens,209.98,115.74,45% Off
Takumi,TK906 No Clip-On Lens,209.98,115.74,45% Off
Takumi,TK908 With Magnetic Clip-On Lens,209.98,115.74,45% Off
Takumi,TK910 With Magnetic Clip-On Lens,209.98,115.74,45% Off
Takumi,TK915 With Magnetic Clip-On Lens,209.98,115.74,45% Off
Takumi,TK916 With Magnetic Clip-On Lens,209.98,115.74,45% Off
Takumi,TK917 With Magnetic Clip-On Lens,209.98,115.74,45% Off
Takumi,TK918 With Magnetic Clip-On Lens,209.98,115.74,45% Off
Takumi,TK919 With Magnetic Clip-On Lens,209.98,115.74,45% Off
Takumi,TK920 With Magnetic Clip-On Lens,209.98,115.74,45% Off
Takumi,TK921 With Magnetic Clip-On Lens,209.98,115.74,45% Off
Takumi,TK922-With Magnetic Clip-On Lens,209.98,115.74,45% Off
Takumi,TK924 No Clip-On Lens,129.98,83.74,36% Off
Takumi,TK928 Kids,129.98,83.74,36% Off
Takumi,TK929 Kids,129.98,83.74,36% Off
Takumi,TK931 With Magnetic Clip-On Lens,209.98,115.74,45% Off
Takumi,TK932-With Magnetic Clip-On Lens,209.98,115.74,45% Off
Takumi,TK933 With Magnetic Clip-On Lens,209.98,115.74,45% Off
Vera Wang,Eden,295,236,20% Off
Aristar,AR 18642,125,97.50,22% Off
Harley-Davidson,HD0496,189,113.40,40% Off
,,,,
Tura,R510,275,220,20% Off
Ted Baker,B711,288.42,173.05,40% Off
Stetson,Stetson 302,194.88,97.44,50% Off
Stetson,Stetson 303,194.88,97.44,50% Off
Stetson,Stetson 309,194.88,97.44,50% Off
Stetson,Stetson 310,194.88,97.44,50% Off
Takumi,TK954 With Magnetic Clip-On Lens,209.98,115.74,45% Off
Takumi,TK949 With Magnetic Clip-On Lens,209.98,115.74,45% Off
Takumi,TK942 With Magnetic Clip-On Lens,209.98,115.74,45% Off
Randy Jackson,RJ 1916,187,93.50,50% Off
Randy Jackson,RJ 1918,187,93.50,50% Off
EasyClip,EC310 With Magnetic Clip-On Lens,209.98,115.74,45% Off
EasyClip,EC324 With Magnetic Clip-On Lens,209.98,115.74,45% Off
Brooks Brothers,BB 2019,,215,
Sferoflex,SF2261,116,81.20,30% Off
Sferoflex,SF2262,,116,
Sferoflex,SF2263,,128,
Vera Bradley,Mariah,,174.69,
Lafont,Noemie,,529,
Lafont,Nouvelle,,475,
Lulu Guinness,L873,271.83,163.10,40% Off
Ted Baker,B225,295.82,177.49,40% Off
Ted Baker,B713,288.42,173.05,40% Off
Armani Exchange,AX1010,138,96.60,30% Off
,,,,
Lacoste,L2707,223,178.40,20% Off
Stetson,OFF ROAD 5034,187.38,93.69,50% Off
Randy Jackson,RJ 1049,187,93.50,50% Off
Randy Jackson,RJ 1050,187,93.50,50% Off
Flexon,Benjamin 600,240,192,20% Off
Flexon,E1001,437,349.60,20% Off
Via Spiga,Elena,209.88,104.94,50% Off
Via Spiga,Rosaria,209.88,104.94,50% Off
Via Spiga,Vincenza,209.88,104.94,50% Off
Lafont,NewYork,,835,
Aristar,AR 16216,175,136.50,22% Off
Ted Baker,B228,295.82,177.49,40% Off
Ted Baker,B331,295.82,177.49,40% Off
Tura,R208,207.38,165.90,20% Off
Modo,4201,,335,
Modo,6512,,265,
Stetson,Stetson XL 18,194.88,97.44,50% Off
Easytwist,ET955 No Clip-On Lens,199.98,111.74,44% Off
O'Neill,Alto,,139,
O'Neill,Arch,,139,
O'Neill,Bolen,,139,
O'Neill,Cali,,139,
O'Neill,Drop,,139,
Takumi,TK926 With Magnetic Clip-On Lens,209.98,115.74,45% Off
,,,,
O'Neill,Espa,,139,
O'Neill,Foam,,139,
O'Neill,Foster,,139,
Takumi,TK951 With Magnetic Clip-On Lens,209.98,115.74,45% Off
O'Neill,Rocko,,139,
O'Neill,Tassy,,139,
Randy Jackson,RJ 3018,187,93.50,50% Off
Via Spiga,Annalisa,209.88,104.94,50% Off
Via Spiga,Carmella,209.88,104.94,50% Off
Via Spiga,Drina,209.88,104.94,50% Off
Via Spiga,Jemma,209.88,104.94,50% Off
Via Spiga,Tomasia,209.88,104.94,50% Off
Jones New York,J138-Petite,189,151.20,20% Off
Ted Baker,B924,210.72,126.43,40% Off
Lafont,Ornano,,475,
Sferoflex,SF2201,98,49,50% Off
Vera Bradley,Marcella S.,,174.69,
Bebe,BB5075,211,168.80,20% Off
Stetson,OFF ROAD 5038,187.38,93.69,50% Off
Easytwist,ET962 No Clip-On Lens,199.98,111.74,44% Off
Easytwist,ET961 No Clip-On Lens,199.98,111.74,44% Off
Flexon,Clark 600,240,192,20% Off
Takumi,TK962 With Magnetic Clip-On Lens,209.98,115.74,45% Off
EasyClip,EC336 With Magnetic Clip-On Lens,209.98,115.74,45% Off
,,,,
Polo,PH1147,,222,
Polo,PH2117,,194,
Sferoflex,SF2265,,116,
Sferoflex,SF2267,121,60.50,50% Off
Esprit,ET 17445,175,105,40% Off
Esprit,ET 17446,175,105,40% Off
Esprit,ET 17447N,175,105,40% Off
Via Spiga,Caterina,209.88,104.94,50% Off
B.M.E.C. Big Mens,Big Block,209.97,104.99,50% Off
B.M.E.C. Big Mens,Big Cheese,209.97,104.99,50% Off
B.M.E.C. Big Mens,Big Jim,209.97,104.99,50% Off
B.M.E.C. Big Mens,Big Show,209.97,104.99,50% Off
Tura,R602,350,280,20% Off
Tura,R607,219.88,175.90,20% Off
Original Penguin,The Sly,218,174.31,20% Off
Randy Jackson,RJ 1055,187,93.50,50% Off
Armani Exchange,AX1014,138,96.60,30% Off
Armani Exchange,AX3016,132,92.40,30% Off
Emporio Armani,EA1027,183,128.10,30% Off
Emporio Armani,EA3038,196,137.20,30% Off
Modo,6517,,265,
Takumi,TK966 With Magnetic Clip-On Lens,209.98,115.74,45% Off
Stetson,Stetson 313,194.88,97.44,50% Off
Vogue,VO3940,,128,
,,,,
Original Penguin Jr.,The Clyde Jr,183,146.40,20% Off
Michael Kors,MK4016 - Antibes,245,171.50,30% Off
Michael Kors,MK8001 - Ravenna,222,155.40,30% Off
Via Spiga,Julietta,209.88,104.94,50% Off
Stetson,OFF ROAD 5039,187.38,93.69,50% Off
Kenneth Cole,KC0771,200,100,50% Off
Polo,PH2123,,201,
Polo,PH2126,,194,
Ralph Lauren,RL5089,,230,
Ralph Lauren,RL6128,,230,
Lulu Guinness,L882,271.83,163.10,40% Off
Lulu Guinness,L765,271.83,163.10,40% Off
Fatheadz,Rain King,110,63.10,43% Off
Harley-Davidson,HD0716,200,120,40% Off
Vera Bradley,Grace,,174.69,
Takumi,TK972 With Magnetic Clip-On Lens,209.98,115.74,45% Off
Takumi,TK975 With Magnetic Clip-On Lens,209.98,115.74,45% Off
EasyClip,EC343-With Magnetic Clip-On Lens,209.98,115.74,45% Off
Via Spiga,Graziella,209.88,104.94,50% Off
Via Spiga,Raffaella,209.88,104.94,50% Off
Via Spiga,Sonia,209.88,104.94,50% Off
Spy,Weston,,280,
Modo,6520,,265,
Modo,6521,,265,
,,,,
Modo,6522,,265,
Lafont Issy & La,Pixel,,379,
Stetson,Stetson 319,194.88,97.44,50% Off
Nike,7090,236,188.80,20% Off
Nike,7092,236,188.80,20% Off
B.M.E.C. Big Mens,Big Demand,209.97,104.99,50% Off
B.M.E.C. Big Mens,Big Roar,209.97,104.99,50% Off
B.M.E.C. Big Mens,Big Target,209.97,104.99,50% Off
Tura,R906,177.38,141.90,20% Off
Flexon,Flexon 623,212,169.60,20% Off
Flexon,Edison 600,240,192,20% Off
Flexon,Hepburn,160.88,128.70,20% Off
Bebe,BB5084,240,192,20% Off
Easytwist N Clip,CT227 With Magnetic Clip-On Lens,217.98,130.79,40% Off
Takumi,TK901 No Clip-On Lens,209.98,115.74,45% Off
Line Art,XL 2063,415,249,40% Off
Aristar,AR 18645,125,97.50,22% Off
Via Spiga,Alda,209.88,104.94,50% Off
Via Spiga,Constantina,209.88,104.94,50% Off
Via Spiga,Simonetta,209.88,104.94,50% Off
Stetson,OFF ROAD 5042,187.38,93.69,50% Off
Stetson,Stetson XL 21,194.88,97.44,50% Off
Ted Baker,B877UF,258.82,155.29,40% Off
Randy Jackson,RJ 1059,187,93.50,50% Off
,,,,
Randy Jackson,RJ 3021,187,93.50,50% Off
Ducks Unlimited,Wilson,144.79,86.87,40% Off
Polo,PH1157,,194,
Ralph Lauren,RL6133,,230,
Ralph Lauren,RL6135,217,108.50,50% Off
Ralph Lauren,RL6136,210,105,50% Off
Vogue,VO2961,133,93.10,30% Off
Takumi,TK984 With Magnetic Clip-On Lens,209.98,115.74,45% Off
Takumi,TK993 With Magnetic Clip-On Lens,209.98,115.74,45% Off
Easytwist Kids,ET967 Kids No Clip-On Lens,129.98,77.99,40% Off
Stetson,Stetson 316,194.88,97.44,50% Off
Stetson,Stetson 317,194.88,97.44,50% Off
Stetson,Stetson 318,194.88,97.44,50% Off
XXL,Trojan,207.38,103.69,50% Off
Tura,R117,219.88,175.90,20% Off
Ted Baker,B723,295.82,177.49,40% Off
Lulu Guinness,L890,271.83,163.10,40% Off
Polo Kids,PP8036,,114,
Sferoflex,SF2269,,128,
Sferoflex,SF2271,,128,
Vera Bradley,Antonia,,179.29,
EasyClip,EC370-With Magnetic Clip-On Lens,209.98,115.74,45% Off
EasyClip,EC371 With Magnetic Clip-On Lens,209.98,115.74,45% Off
Stetson,OFF ROAD 5044,187.38,93.69,50% Off
,,,,
Stetson,OFF ROAD 5045,187.38,93.69,50% Off
Stetson,OFF ROAD 5047,187.38,93.69,50% Off
Stetson,Stetson 180 Flex-Hinge Collection F112,194.88,97.44,50% Off
Stetson,Stetson 320,194.88,97.44,50% Off
B.M.E.C. Big Mens,Big Champ,209.97,104.99,50% Off
B.M.E.C. Big Mens,Big Edge,209.97,104.99,50% Off
B.M.E.C. Big Mens,Big Scene,209.97,104.99,50% Off
B.M.E.C. Big Mens,Big Venture,209.97,104.99,50% Off
Original Penguin,The James,218,174.31,20% Off
Nike,7237,294,205.80,30% Off
Modo,4500,,335,
Armani Exchange,AX1017,138,96.60,30% Off
Armani Exchange,AX3027,138,96.60,30% Off
Emporio Armani,EA1041,210,147,30% Off
Emporio Armani,EA3069,,199,
Modo,4212,,335,
Via Spiga,Antonella,209.88,104.94,50% Off
Via Spiga,Gianna,209.88,104.94,50% Off
Via Spiga,Mirabella,209.88,104.94,50% Off
Via Spiga,Stefania,209.88,104.94,50% Off
Vera Bradley,Diana,,174.69,
Vogue,VO2998,,155,
Vogue,VO3987B,,181,
Ted Baker,B732,325.42,195.25,40% Off
,,,,
Vera Bradley,Marisol,,179.29,
Elle,EL 13398,182,109.20,40% Off
Elle,EL 13404,182,109.20,40% Off
Ducks Unlimited,Slingshot,156.29,93.77,40% Off
Jones New York,J525,215,172,20% Off
Jones New York,J144-Petite,203,162.40,20% Off
B.M.E.C. Big Mens,Big Muscle,209.97,104.99,50% Off
B.M.E.C. Big Mens,Big Tour,209.97,104.99,50% Off
Saint Laurent,SL 106,,420,
Saint Laurent,SL 25,460,322,30% Off
Puma,PU0028O,,136.62,
Easytwist N Clip,CT233 With Magnetic Clip-On Lens,217.98,130.79,40% Off
Easytwist,ET972 No Clip-On Lens,199.98,111.74,44% Off
Easytwist,ET973 No Clip-On Lens,199.98,111.74,44% Off
Easytwist,ET974 No Clip-On Lens,199.98,111.74,44% Off
Lulu Guinness,L895,271.83,163.10,40% Off
Lulu Guinness,L894,271.83,163.10,40% Off
Lulu Guinness,L893,271.83,163.10,40% Off
Lulu Guinness,L891,271.83,163.10,40% Off
Armani Exchange,AX1018,153,107.10,30% Off
Armani Exchange,AX3027F - Alternate Fit,138,96.60,30% Off
Armani Exchange,AX3029,132,92.40,30% Off
EasyClip,EC375 With Magnetic Clip-On Lens,209.98,115.74,45% Off
EasyClip,EC376 With Magnetic Clip-On Lens,209.98,115.74,45% Off
,,,,
Stetson,OFF ROAD 5048,187.38,93.69,50% Off
Stetson,OFF ROAD 5049,187.38,93.69,50% Off
Stetson,Stetson Zylo-Flex 713,217.38,108.69,50% Off
Stetson,Stetson Zylo-Flex 714,217.38,108.69,50% Off
Stetson,Stetson 321,194.88,97.44,50% Off
Stetson,Stetson 323,194.88,97.44,50% Off
Stetson,Stetson Slims 326,194.88,97.44,50% Off
Randy Jackson,RJ 3025,187,93.50,50% Off
Lafont,Regard,,415,
Lafont,Respect,,475,
Lafont,Socrate,,445,
Lafont Issy & La,Scoop,,349,
Ann Taylor,ATP803,204.88,122.93,40% Off
XXL,Cougar,207.38,103.69,50% Off
XXL,Terrapin,177.38,88.69,50% Off
Ted Baker,B239,295.82,177.49,40% Off
Ted Baker,B344,295.82,177.49,40% Off
Ted Baker,B881,325.42,195.25,40% Off
Ted Baker,B941,210.72,126.43,40% Off
Polo,PH2155,,209,
Modo,4509,,335,
Modo,4405,,335,
Via Spiga,Cressida,209.88,104.94,50% Off
Via Spiga,Marcella,209.88,104.94,50% Off
,,,,
Via Spiga,Noemi,209.88,104.94,50% Off
Via Spiga,Olga,209.88,104.94,50% Off
Via Spiga,Ornetta,209.88,104.94,50% Off
Tura,R541,239.88,191.90,20% Off
Tura,R538,219.88,175.90,20% Off
Tura,R535,182.38,145.90,20% Off
Tura,R534,182.38,145.90,20% Off
B.M.E.C. Big Mens,Big Draft,209.97,104.99,50% Off
Vera Bradley,Carolyn,,174.69,
Aristar,AR 18432,125,97.50,22% Off
Saint Laurent,SL 104,,460,
Emporio Armani,EA1052,196,137.20,30% Off
Coach,HC6040,,232,
Coach,HC6054,,255,
Coach,HC6065,,255,
Coach,HC6078,,232,
Coach,HC6082,,219,
Tory Burch,TY2064,,259,
Elle,EL 13409,182,109.20,40% Off
Elle,EL 13410,182,109.20,40% Off
Lulu Guinness,L892,299.03,179.42,40% Off
Nike,5538,165,132,20% Off
Gant,GA3084,221,110.50,50% Off
Michael Kors,MK3012,,186,
,,,,
Michael Kors,MK4030,,161,
Polo,PH1164,,173,
Sferoflex,SF1144,121,84.70,30% Off
Sferoflex,SF1556,,141,
Sferoflex,SF1557B,,133,
Sferoflex,SF2273,121,60.50,50% Off
Sferoflex,SF2579,,128,
Lafont,Genie,,419,
Lafont Issy & La,Toujours,,359,
Lafont Kids,Tobogan,,319,
Lafont,Tradition,,445,
Original Penguin Jr.,The Curtis Jr,183,146.40,20% Off
Original Penguin,The Stipo,218,174.31,20% Off
XXL,Longhorn,177.38,88.69,50% Off
Takumi,TK1009 With Magnetic Clip-On Lens,209.98,115.74,45% Off
Ann Taylor,AT322,237.38,142.43,40% Off
Randy Jackson,RJ 1066,187,93.50,50% Off
Randy Jackson,RJ Limited Edition X120,200,100,50% Off
Via Spiga,Bibiana,209.88,104.94,50% Off
Via Spiga,Fabiana,209.88,104.94,50% Off
Via Spiga,Porzia,209.88,104.94,50% Off
Via Spiga,Stella,209.88,104.94,50% Off
Stetson,OFF ROAD 5051,187.38,93.69,50% Off
Stetson,Stetson 327,194.88,97.44,50% Off
,,,,
Stetson,Stetson 325,194.88,97.44,50% Off
Stetson,Stetson XL 22,194.88,97.44,50% Off
Argyleculture,Bono,,156.29,
O'Neill,Cruz,,139,
O'Neill,Ryder,,139,
Saint Laurent,SL 39,,420,
Armani Exchange,AX1019,153,107.10,30% Off
Coach,HC6089,,219,
Gant,GA3115,221,110.50,50% Off
Lafont Kids,Tic,,295,
XXL,Bearcat,182.38,91.19,50% Off
B.M.E.C. Big Mens,Big Curve,209.97,104.99,50% Off
B.M.E.C. Big Mens,Big Danger,209.97,104.99,50% Off
B.M.E.C. Big Mens,Big Jake,209.97,104.99,50% Off
B.M.E.C. Big Mens,Big Note,209.97,104.99,50% Off
B.M.E.C. Big Mens,Big Victory,209.97,104.99,50% Off
Tura,R213,182.38,145.90,20% Off
Harley-Davidson,HD0752,200,120,40% Off
Kenneth Cole,KC0789,200,100,50% Off
Via Spiga,Elisa,209.88,104.94,50% Off
Via Spiga,Evangelina,209.88,104.94,50% Off
Via Spiga,Filomena,209.88,104.94,50% Off
Via Spiga,Ofelia,209.88,104.94,50% Off
Aristar,AR 16236,100,78,22% Off
,,,,
Randy Jackson,RJ 3029,187,93.50,50% Off
Randy Jackson,RJ 3031,187,93.50,50% Off
Stetson,Stetson Zylo-Flex 715,217.38,108.69,50% Off
Stetson,Stetson Zylo-Flex 716,217.38,108.69,50% Off
Stetson,Stetson XL 24,194.88,97.44,50% Off
Stetson,Stetson 328,194.88,97.44,50% Off
Stetson,Stetson 330,194.88,97.44,50% Off
Stetson,Stetson 331,194.88,97.44,50% Off
Stetson,OFF ROAD 5054,187.38,93.69,50% Off
Stetson,OFF ROAD 5055,187.38,93.69,50% Off
Vera Bradley,Hadley,,179.29,
Ted Baker,B885,325.42,195.25,40% Off
Polo Kids,PP8526,,114,
Lucky Brand,D404,189,151.20,20% Off
Costa,Mariana Trench 100,200,140,30% Off
Costa,Mariana Trench 110,215,107.50,50% Off
Costa,Ocean Ridge 100,,161,
Costa,Ocean Ridge 110,152,106.40,30% Off
Costa,Seamount 200,253,177.10,30% Off
Saint Laurent,SL 124,,505,
Saint Laurent,SL 125,,505,
Puma,PJ0009O - Kids,,95.22,
Puma,PU0064O,,191.82,
Puma,PU0065O,,191.82,
,,,,
Ducks Unlimited,Deke,156.29,93.77,40% Off
Original Penguin,The Seventy RX,218,174.31,20% Off
B.M.E.C. Big Mens,Big Soul,209.97,104.99,50% Off
Modo,4216,,335,
O'Neill,Beck,,139,
O'Neill,Chace,,139,
O'Neill,Daly,,139,
O'Neill,Isla,,139,
O'Neill,Rain,,139,
O'Neill,Summer,,139,
Stetson,OFF ROAD 5052,187.38,93.69,50% Off
Stetson,OFF ROAD 5053,174.88,87.44,50% Off
Via Spiga,Leona,209.88,104.94,50% Off
Via Spiga,Sebastiana,209.88,104.94,50% Off
Armani Exchange,AX3037,138,96.60,30% Off
Armani Exchange,AX3038F - Alternate Fit,132,92.40,30% Off
Tory Burch,TY2071,233,163.10,30% Off
Vogue,VO4024,133,66.50,50% Off
Shuron,MacArthur,160,128,20% Off
Lulu Guinness,L899,299.03,179.42,40% Off
Ted Baker,B243,249.83,149.90,40% Off
Nike,7240,292,233.60,20% Off
Original Penguin,The Princeton,218,174.31,20% Off
Brooks Brothers,BB 2033,,182,
,,,,
Brooks Brothers,BB 2035,175,87.50,50% Off
Easytwist N Clip,CT236 With Magnetic Clip-On Lens,217.98,130.79,40% Off
Easytwist N Clip,CT238 With Magnetic Clip-On Lens,217.98,130.79,40% Off
ECO,Angara,,209.25,
ECO,Finlay,,210,
ECO,Marne,,209.25,
Stetson,Stetson 334,194.88,97.44,50% Off
Via Spiga,Brigida,209.88,104.94,50% Off
Jill Stuart,JS 354,188.36,131.85,30% Off
Jill Stuart,JS 355,188.36,131.85,30% Off
Jill Stuart,JS 356,188.36,131.85,30% Off
Jill Stuart,JS 364,188.36,131.85,30% Off
Jill Stuart,JS 357,188.36,131.85,30% Off
Argyleculture,Redman,,156.29,
Totally Rimless,Briolette 250,,174.69,
Elle,EL 13419,182,109.20,40% Off
B.M.E.C. Big Mens,Big Bolt,209.97,104.99,50% Off
B.M.E.C. Big Mens,Big Force,209.97,104.99,50% Off
B.M.E.C. Big Mens,Big Loop,209.97,104.99,50% Off
B.M.E.C. Big Mens,Big Surf,209.97,104.99,50% Off
B.M.E.C. Big Mens,Big Town,209.97,104.99,50% Off
Ted Baker,B888,325.42,195.25,40% Off
Ted Baker,B891,288.42,173.05,40% Off
B.M.E.C. Big Mens,Big Wave,209.97,104.99,50% Off
,,,,
Tura,R546,219.88,175.90,20% Off
Tura,R547,182.38,145.90,20% Off
Brooks Brothers,BB 1044,,215,
Vogue,VO4050,,167,
Harley-Davidson,HD0759,200,120,40% Off
Vera Bradley,Christina,,179.29,
Jones New York,J528,203,162.40,20% Off
John Varvatos,V370,349,279.20,20% Off
John Varvatos,V371,349,279.20,20% Off
John Varvatos,V374,349,279.20,20% Off
EasyClip,EC407 With Magnetic Clip-On Lens,209.98,115.74,45% Off
EasyClip,EC425 With Magnetic Clip-On Lens,209.98,115.74,45% Off
EasyClip,EC421 With Magnetic Clip-On Lens,209.98,115.74,45% Off
EasyClip,EC432 Children's No Clip-On Lens,129.98,83.74,36% Off
EasyClip,EC434 No Clip-On Lens,129.98,83.74,36% Off
EasyClip,EC433 No Clip-On Lens,129.98,83.74,36% Off
Takumi,TK1017 With Magnetic Clip-On Lens,209.98,115.74,45% Off
Takumi,TK1041 Kids,129.98,83.74,36% Off
Takumi,TK1020 With Magnetic Clip-On Lens,209.98,115.74,45% Off
Takumi,TK1013 With Magnetic Clip-On Lens,209.98,115.74,45% Off
Takumi,TK1027 With Magnetic Clip-On Lens,209.98,115.74,45% Off
Takumi,TK1022 With Magnetic Clip-On Lens,209.98,115.74,45% Off
Takumi,TK1036 With Magnetic Clip-On Lens,209.98,115.74,45% Off
Takumi,TK1034 With Magnetic Clip-On Lens,209.98,115.74,45% Off
,,,,
Takumi,TK1040 Kids,129.98,83.74,36% Off
Takumi,TK1044 Kids,129.98,83.74,36% Off
Takumi,TK1042 Kids,129.98,83.74,36% Off
Takumi,TK1043 Kids,129.98,83.74,36% Off
Takumi,TK1018 With Magnetic Clip-On Lens,209.98,115.74,45% Off
Lafont,Villon,,445,
Lafont Kids,Genie Enf,,319,
Lafont Kids,Victor,,325,
Modo,6523,,265,
Modo,6524,,265,
Modo,7000,,315,
Modo,7001,,315,
Modo,7005,,315,
Randy Jackson,RJ 1065,187,93.50,50% Off
Randy Jackson,RJ 3034,187,93.50,50% Off
Randy Jackson,RJ 3037,187,93.50,50% Off
Stetson,Stetson 337,194.88,97.44,50% Off
Stetson,Stetson 338,194.88,97.44,50% Off
Stetson,Stetson Zylo-Flex 717,217.38,108.69,50% Off
Stetson,Stetson Zylo-Flex 718,217.38,108.69,50% Off
Via Spiga,Fiona,209.88,104.94,50% Off
Via Spiga,Letizia,209.88,104.94,50% Off
Lulu Guinness,L779,299.03,179.42,40% Off
Lulu Guinness,L910,299.03,179.42,40% Off
,,,,
Ted Baker,B741,325.42,195.25,40% Off
Tura,R214,182.38,145.90,20% Off
Tura,R545,219.88,175.90,20% Off
Caterpillar,CTO-Chisel,139,118.15,15% Off
Costa,Bimini Road 210,189,132.30,30% Off
Costa,Mariana Trench 310,189,94.50,50% Off
Original Penguin,The Sinclair,218,174.31,20% Off
Original Penguin,The Surprise,218,174.31,20% Off
Harley-Davidson,HD0540,200,120,40% Off
Harley-Davidson,HD0760,213,127.80,40% Off
Flexon,Collins 600,240,192,20% Off
Flexon,E1042,308,246.40,20% Off
Flexon,Melville 600,240,192,20% Off
Flexon,Larsen 600,240,192,20% Off
Flexon,Nathaniel 600,240,192,20% Off
Flexon,Washington 600,240,192,20% Off
Puma,PU0094O,,191.82,
Puma,PU0096O,,136.62,
ECO,Arakawa,,209.25,
ECO,Glomma,,209.25,
ECO,Isere,,195,
ECO,Seudre,,195,
Randy Jackson,RJ 1075,187,93.50,50% Off
ED Ellen Degeneres,O-01,,185,
,,,,
ED Ellen Degeneres,O-02,,185,
ED Ellen Degeneres,O-03,,185,
ED Ellen Degeneres,O-05,,185,
ED Ellen Degeneres,O-06,,185,
ED Ellen Degeneres,O-08,,185,
ED Ellen Degeneres,O-12,,185,
Dragon,DR132 Spencer,229.50,183.60,20% Off
Stetson,OFF ROAD 5056,187.38,93.69,50% Off
Stetson,OFF ROAD 5057,187.38,93.69,50% Off
Stetson,OFF ROAD 5059,187.38,93.69,50% Off
Stetson,Stetson 339,194.88,97.44,50% Off
Stetson,Stetson T-512,237.38,118.69,50% Off
Stetson,Stetson T-513,237.38,118.69,50% Off
Stetson,Stetson T510,237.38,118.69,50% Off
Ann Taylor,AT602,237.38,142.43,40% Off
Via Spiga,Ilaria,209.88,104.94,50% Off
Via Spiga,Vienna,209.88,104.94,50% Off
Jill Stuart,JS 359,188.36,131.85,30% Off
Jill Stuart,JS 360,188.36,131.85,30% Off
Jill Stuart,JS 361,188.36,131.85,30% Off
Jill Stuart,JS 362,188.36,131.85,30% Off
Jill Stuart,JS 363,188.36,131.85,30% Off
Carrera,CA138/V,,220,
Nicole Miller,Evergreen,237.38,142.43,40% Off
,,,,
Juicy Couture,Ju 171,235,164.50,30% Off
Trina Turk,Birdie,,195.50,
EasyClip,EC411 With Magnetic Clip-On Lens,209.98,115.74,45% Off
EasyClip,EC391 With Magnetic Clip-On Lens,209.98,115.74,45% Off
EasyClip,EC397 With Magnetic Clip-On Lens,209.98,115.74,45% Off
Spy,Justice,,280,
Aristar,AR 16220,100,78,22% Off
Aristar,AR 16341,125,97.50,22% Off
Badgley Mischka,Baldwin,,241.19,
EasyClip,EC408 With Magnetic Clip-On Lens,209.98,115.74,45% Off
Easytwist Kids,ET975 Kids No Clip-On Lens,129.98,77.99,40% Off
Easytwist Kids,ET976 Kids No Clip-On Lens,129.98,77.99,40% Off
Easytwist Kids,ET980 Kids No Clip-On Lens,129.98,77.99,40% Off
Brooks Brothers,BB 2037,,172,
Michael Kors,MK4047,,161,
Vogue,VO4067,,167,
Vogue,VO5163,,167,
Easytwist N Clip,CT248 With Magnetic Clip-On Lens,217.98,130.79,40% Off
Easytwist N Clip,CT250 With Magnetic Clip-On Lens,217.98,130.79,40% Off
Takumi,TK1047 With Magnetic Clip-On Lens,209.98,115.74,45% Off
Takumi,TK1045 Kids,129.98,83.74,36% Off
Takumi,TK1025 With Magnetic Clip-On Lens,209.98,115.74,45% Off
Ted Baker,B952,203.32,121.99,40% Off
Ted Baker,B954,203.32,121.99,40% Off
,,,,
Emporio Armani,EA1059,183,128.10,30% Off
Polo,PH1175,,181,
Ralph Lauren,RL5099,,223,
Sferoflex,SF2589,,116,
Tory Burch,TY2079,,247,
Lafont Issy & La,Alias,,359,
Lafont Kids,Alinea,,209,
Original Penguin,The Stewart,218,174.31,20% Off
Vera Bradley,Colene,,179.29,
Randy Jackson,RJ 1078,187,93.50,50% Off
Stetson,OFF ROAD 5060,187.38,93.69,50% Off
Stetson,OFF ROAD 5061,187.38,93.69,50% Off
Stetson,Stetson 340,194.88,97.44,50% Off
Stetson,Stetson 342,194.88,97.44,50% Off
Stetson,Stetson Zylo-Flex 719,217.38,108.69,50% Off
Via Spiga,Giada,209.88,104.94,50% Off
Via Spiga,Ileana,209.88,104.94,50% Off
Via Spiga,Tazia,209.88,104.94,50% Off
Ann Taylor,AT328,224.88,134.93,40% Off
Aristar,AR 16250,75,58.64,22% Off
Aristar,AR 16377,125,97.50,22% Off
Ted Baker,B953,203.32,121.99,40% Off
Lucky Brand,D306,203,162.40,20% Off
EasyClip,EC442 With Magnetic Clip-On Lens,209.98,115.74,45% Off
,,,,
EasyClip,EC443 With Magnetic Clip-On Lens,209.98,115.74,45% Off
EasyClip,EC445 With Magnetic Clip-On Lens,129.98,83.74,36% Off
EasyClip,EC437 With Magnetic Clip-On Lens,209.98,115.74,45% Off
EasyClip,EC459 With Magnetic Clip-On Lens,209.98,115.74,45% Off
EasyClip,EC428 With Magnetic Clip-On Lens,209.98,115.74,45% Off
EasyClip,EC424 With Magnetic Clip-On Lens,209.98,115.74,45% Off
EasyClip,EC404 With Magnetic Clip-On Lens,209.98,115.74,45% Off
EasyClip,EC403 With Magnetic Clip-On Lens,209.98,115.74,45% Off
Sferoflex,SF1143,121,60.50,50% Off
Sferoflex,SF2275,,128,
Sferoflex,SF2580B,,141,
Easytwist N Clip,CT255-With Magnetic Clip-On Lens,217.98,130.79,40% Off
Takumi,TK1051 With Magnetic Clip-On Lens,209.98,115.74,45% Off
Takumi,TK1050 With Magnetic Clip-On Lens,209.98,115.74,45% Off
Takumi,TK1057 With Magnetic Clip-On Lens,209.98,115.74,45% Off
Takumi,TK1035 With Magnetic Clip-On Lens,209.98,115.74,45% Off
Takumi,TK1030 With Magnetic Clip-On Lens,209.98,115.74,45% Off
Takumi,TK1024 With Magnetic Clip-On Lens,209.98,115.74,45% Off
Takumi,TK1049 With Magnetic Clip-On Lens,209.98,115.74,45% Off
Takumi,TK1033 With Magnetic Clip-On Lens,209.98,115.74,45% Off
Takumi,TK1037 With Magnetic Clip-On Lens,209.98,115.74,45% Off
Takumi,TK1052 With Magnetic Clip-On Lens,209.98,115.74,45% Off
Takumi,TK1058 With Magnetic Clip-On Lens,209.98,115.74,45% Off
Timberland,TB1585,191,97.35,49% Off
,,,,
Timberland,TB1589,175,92.25,47% Off
ECO,Desna,,209.25,
ECO,Flint,,209.25,
ECO,Kasai,,209.25,
Randy Jackson,RJ 1928,187,93.50,50% Off
Randy Jackson,RJ 3033,187,93.50,50% Off
Polo Kids,PP8529,114,79.80,30% Off
ED Ellen Degeneres,O-13,,185,
ED Ellen Degeneres,O-14,,185,
Stetson,Stetson 344,194.88,97.44,50% Off
Via Spiga,Odetta,209.88,104.94,50% Off
Saint Laurent,SL 170,,305,
Anna Sui,AS199,199.88,129.92,35% Off
Lulu Guinness,L200,299.03,179.42,40% Off
Lulu Guinness,L201,299.03,179.42,40% Off
Lulu Guinness,L203,299.03,179.42,40% Off
Lulu Guinness,L205,299.03,179.42,40% Off
Lulu Guinness,L206,299.03,179.42,40% Off
Hackett,HEK 1091,199.88,179.89,10% Off
Hackett,HEK 1159,199.88,179.89,10% Off
Lulu Guinness,L781,299.03,179.42,40% Off
Tura,R128,219.88,175.90,20% Off
Tura,R553,219.88,175.90,20% Off
Hackett,HEB 162-Bespoke,269.88,242.89,10% Off
,,,,
Original Penguin Jr.,The Saul Jr.,183,146.40,20% Off
Gant,GA4081,221,110.50,50% Off
Vera Bradley,Denise,,174.69,
Original Penguin,The Alex,218,174.31,20% Off
Original Penguin,The Elliot,218,174.31,20% Off
Original Penguin,The Saul,218,174.31,20% Off
Totally Rimless,Accolade 261,,174.69,
Modo,4512,,335,
Modo,4513,,335,
Modo,7009,,315,
Cremieux,GRADY,200,120,40% Off
Cremieux,NEW PRINCE,192.50,115.50,40% Off
Randy Jackson,RJ 3038,187,93.50,50% Off
Jones New York,J486,233,186.40,20% Off
Jones New York,J765,233,186.40,20% Off
Jones New York,J356,203,162.40,20% Off
Stetson,OFF ROAD 5062,187.38,93.69,50% Off
Stetson,OFF ROAD 5063,187.38,93.69,50% Off
Stetson,Stetson XL 29,194.88,97.44,50% Off
Via Spiga,Salvatora,209.88,104.94,50% Off
Via Spiga,Teodora,209.88,104.94,50% Off
Spy,Brody,,260,
Spy,Warren,,260,
Jill Stuart,JS 368,188.36,131.85,30% Off
,,,,
Jill Stuart,JS 367,188.36,131.85,30% Off
Jill Stuart,JS 366,188.36,131.85,30% Off
ED Ellen Degeneres,O-17,,169,
Jill Stuart,JS 365,188.36,131.85,30% Off
ED Ellen Degeneres,O-18,,169,
ED Ellen Degeneres,O-19,,169,
ED Ellen Degeneres,O-20,,169,
Nicole Miller,Carman,237.38,142.43,40% Off
Nicole Miller,Glenmore,237.38,142.43,40% Off
B.M.E.C. Big Mens,Big Air,209.97,104.99,50% Off
B.M.E.C. Big Mens,Big Swing,209.97,104.99,50% Off
B.M.E.C. Big Mens,Big Timber,209.97,104.99,50% Off
Lucky Brand Kids,D709-Children's,175,140,20% Off
EasyClip,EC399 Children's No Clip-On Lens,129.98,83.74,36% Off
EasyClip,EC430 Children's No Clip-On Lens,129.98,83.74,36% Off
EasyClip,EC431 Children's-No Clip-On Lens,162.48,83.74,48% Off
Ted Baker,B895,295.82,177.49,40% Off
Takumi,TK1068 With Magnetic Clip-On Lens,209.98,115.74,45% Off
Caterpillar,CTO-Tacker,139,118.15,15% Off
Polinelli Milano Readers,P301,,40,
Original Penguin Jr.,The Mungarutal Jr.,183,146.40,20% Off
Anna Sui,AS193,199.88,129.92,35% Off
Anna Sui,AS197,199.88,129.92,35% Off
Anna Sui,AS198,199.88,129.92,35% Off
,,,,
Tory Burch,TY2080,215,150.50,30% Off
Vera Bradley,Eva-Petite,,174.69,
Vera Bradley,Kari-Petite,,174.69,
Stetson,Stetson T-511,237.38,118.69,50% Off
Stetson,Stetson XL 30,194.88,97.44,50% Off
Via Spiga,Dulcina,209.88,104.94,50% Off
Via Spiga,Loretta,209.88,104.94,50% Off
Flexon,E1110,308,246.40,20% Off
Flexon,E1111,308,246.40,20% Off
Trina Turk,Adele,,195.50,
Esprit,ET 17562,175,105,40% Off
Line Art,XL 2117,415,249,40% Off
Ducks Unlimited,Gunny,156.29,93.77,40% Off
Cremieux,DOM,197.50,118.50,40% Off
Cremieux,WILLIAM,200,120,40% Off
Lulu Guinness,L914,299.03,179.42,40% Off
EasyClip,EC405 With Magnetic Clip-On Lens,209.98,115.74,45% Off
EasyClip,EC415 With Magnetic Clip-On Lens,209.98,115.74,45% Off
Ted Baker,B351,325.42,195.25,40% Off
Ted Baker,B352,325.42,195.25,40% Off
Tura,R556,219.88,175.90,20% Off
Tura,R557,182.38,145.90,20% Off
Polo,PH1179,,222,
XOXO,Silves,156.29,93.77,40% Off
,,,,
XOXO,Trieste,156.29,93.77,40% Off
Kenneth Cole,KC0800,200,100,50% Off
Timberland,TB1594,191,97.35,49% Off
Michael Kors,MK4054,,216,
Lafont,Brigitte,,639,
Modo,4222,,335,
B.M.E.C. Big Mens,Big Dude,209.97,104.99,50% Off
B.M.E.C. Big Mens,Big Rock,209.97,104.99,50% Off
Randy Jackson,RJ 1088,187,93.50,50% Off
Randy Jackson,RJ Limited Edition X134,200,100,50% Off
Stetson,OFF ROAD 5064,187.38,93.69,50% Off
Stetson,OFF ROAD 5065,187.38,93.69,50% Off
Stetson,Stetson 333,194.88,97.44,50% Off
Stetson,Stetson 345,194.88,97.44,50% Off
Stetson,Stetson 346,194.88,97.44,50% Off
Stetson,Stetson 347,194.88,97.44,50% Off
Stetson,Stetson XL 31,194.88,97.44,50% Off
Via Spiga,Agata,209.88,104.94,50% Off
Via Spiga,Casimira,209.88,104.94,50% Off
Easytwist N Clip,CT257 With Magnetic Clip-On Lens,217.98,130.79,40% Off
Spy,Dax,,260,
Puma,PU0130O,,136.62,
Pepe Jeans,PJ 3283,174.88,131.16,25% Off
Puma,PU0184O,,136.62,
,,,,
Nike,7242,257,179.90,30% Off
Nike,7243,257,179.90,30% Off
Original Penguin Jr.,The Elliot Jr.,183,146.40,20% Off
L.A.M.B.,LA047 - Lina,,214.88,
L.A.M.B.,LA043 - Kaeli,,207.38,
L.A.M.B.,LA040 - Royce,,214.88,
L.A.M.B.,LA039 - Foley,,234.88,
L.A.M.B.,LA035 - Coralie,,224.88,
L.A.M.B.,LA029 - Susa,,214.88,
L.A.M.B.,LA028 - LIU,,234.88,
L.A.M.B.,LA025 - Lark,,214.88,
L.A.M.B.,LA023 - LYNN,,214.88,
L.A.M.B.,LA022 - Mae,,234.88,
L.A.M.B.,LA016 - LARA,,214.88,
Takumi,TK1064 With Magnetic Clip-On Lens,209.98,115.74,45% Off
Takumi,TK1065 With Magnetic Clip-On Lens,209.98,115.74,45% Off
Takumi,TK1070 With Magnetic Clip-On Lens,209.98,115.74,45% Off
Takumi,TK1072 With Magnetic Clip-On Lens,209.98,115.74,45% Off
Takumi,TK1073 With Magnetic Clip-On Lens,209.98,115.74,45% Off
John Varvatos,V162,349,279.20,20% Off
Lulu Guinness,L209,299.03,179.42,40% Off
Lulu Guinness,L211,299.03,179.42,40% Off
Ted Baker,TB801,325.42,195.25,40% Off
Ted Baker,TB802,325.42,195.25,40% Off
,,,,
Flexon,Gloria,279,223.20,20% Off
O'Neill,Aidan,,139,
O'Neill,Coral,,139,
O'Neill,Gala,,139,
O'Neill,Luna,,139,
O'Neill,Odyssey,,139,
O'Neill,Sawyer,,139,
O'Neill,Toya,,139,
Tura,R560,219.88,175.90,20% Off
O'Neill,West,,139,
O'Neill,Zac,,139,
Coach,HC6120,,232,
Gant,GA3177,221,110.50,50% Off
Jill Stuart,JS 358,188.36,131.85,30% Off
Jill Stuart,JS 371,188.36,131.85,30% Off
Jill Stuart,JS 373,188.36,131.85,30% Off
Jill Stuart,JS 375,188.36,131.85,30% Off
Jill Stuart,JS 376,188.36,131.85,30% Off
Costa,Ocean Ridge 210,202,141.40,30% Off
Costa,Forest Reef 200,250,125,50% Off
Costa,Forest Reef 210,250,125,50% Off
Skechers Kids,SE1078,,132,
Lucky Brand,D214,189,151.20,20% Off
Puma,PE0027O,,95.22,
,,,,
EasyClip,EC436 With Magnetic Clip-On Lens,209.98,115.74,45% Off
EasyClip,EC447 With Magnetic Clip-On Lens,209.98,115.74,45% Off
EasyClip,EC449 With Magnetic Clip-On Lens,209.98,115.74,45% Off
EasyClip,EC453 With Magnetic Clip-On Lens,209.98,115.74,45% Off
EasyClip,EC455 With Magnetic Clip-On Lens,209.98,115.74,45% Off
EasyClip,EC456 With Magnetic Clip-On Lens,209.98,115.74,45% Off
EasyClip,EC458 With Magnetic Clip-On Lens,209.98,115.74,45% Off
EasyClip,EC464 With Magnetic Clip-On Lens,209.98,115.74,45% Off
EasyClip,EC482 With Magnetic Clip-On Lens,209.98,115.74,45% Off
EasyClip,EC483 With Magnetic Clip-On Lens,209.98,115.74,45% Off
EasyClip,EC414 With Magnetic Clip-On Lens,209.98,115.74,45% Off
Harley-Davidson,HD0774,200,120,40% Off
Armani Exchange,AX3050,132,92.40,30% Off
Armani Exchange,AX3050F - Alternate Fit,132,92.40,30% Off
Emporio Armani,EA3098,183,128.10,30% Off
Emporio Armani,EA3099,,172,
Ralph Lauren,RL6171,224,112,50% Off
Vogue,VO4088,,167,
Vogue,VO4094,,133,
Vogue,VO5224,146,73,50% Off
Modo,4226,,335,
Modo,4227,,335,
Modo,4415,,335,
Modo,4416,,335,
,,,,
Modo,4515,,335,
Modo,6527,,265,
Modo,6530,,265,
Modo,6531,,265,
Modo,6617,,315,
Modo,7010,,315,
Lafont Issy & La,Clic,,379,
Randy Jackson,RJ 3041,187,93.50,50% Off
Randy Jackson,RJ 3042,187,93.50,50% Off
Randy Jackson,RJ 3043,187,93.50,50% Off
Randy Jackson,RJ 3045,187,93.50,50% Off
Randy Jackson,RJ Limited Edition X136,199,99.50,50% Off
Pepe Jeans,PJ 1273,174.88,131.16,25% Off
Stetson,OFF ROAD 5066,187.38,93.69,50% Off
Stetson,OFF ROAD 5067,187.38,93.69,50% Off
Stetson,Stetson 341,194.88,97.44,50% Off
Stetson,Stetson 349,194.88,97.44,50% Off
Stetson,Stetson 350,194.88,97.44,50% Off
Stetson,Stetson XL 32,194.88,97.44,50% Off
Stetson,Stetson XL 33,194.88,97.44,50% Off
Via Spiga,Dorinda,209.88,104.94,50% Off
Via Spiga,Fiorella,209.88,104.94,50% Off
Via Spiga,Ginerva,209.88,104.94,50% Off
Via Spiga,Ida,209.88,104.94,50% Off
,,,,
Original Penguin,The Falken RX,218,174.31,20% Off
Ann Taylor,AT102,224.88,134.93,40% Off
Aristar,AR 16384,100,78,22% Off
Esprit,ET 17561,175,105,40% Off
Esprit,ET 17569,175,105,40% Off
Cremieux,DICKSON,197.50,118.50,40% Off
Cremieux,SOHO,230,138,40% Off
L.A.M.B.,LA048 - LES,,214.88,
Lulu Guinness,L786,271.83,163.10,40% Off
Lulu Guinness,L917,299.03,179.42,40% Off
Ted Baker,B245,325.42,195.25,40% Off
Ted Baker,B246,295.82,177.49,40% Off
Ted Baker,B355,295.82,177.49,40% Off
Ted Baker,B357,480.82,288.49,40% Off
Ted Baker,B957,210.72,126.43,40% Off
Takumi,TK1079 With Magnetic Clip-On Lens,209.98,115.74,45% Off
Takumi,TK1080 With Magnetic Clip-On Lens,209.98,115.74,45% Off
Argyleculture,Adderley,,156.29,
Gant,GA3165,194,97,50% Off
Gant,GA4083,194,97,50% Off
Skechers Kids,SE1631,,137,
GX by Gwen Stefani,GX047 ESSIE,,169.88,
GX by Gwen Stefani,GX046 LESSA,,169.88,
GX by Gwen Stefani,GX044 KAIRI,,169.88,
,,,,
GX by Gwen Stefani,GX043 ERYN,,169.88,
GX by Gwen Stefani,GX042 PIET,,169.88,
GX by Gwen Stefani,GX041 LILIAS,,169.88,
GX by Gwen Stefani,GX040 DIARA,,169.88,
GX by Gwen Stefani,GX039 DANYA,,169.88,
GX by Gwen Stefani,GX038 ADALYN,,169.88,
GX by Gwen Stefani,GX037 IONE,,169.88,
GX by Gwen Stefani,GX035 BRIN,,169.88,
GX by Gwen Stefani,GX032 ELENI,,169.88,
GX by Gwen Stefani,GX031 ELAM,,135.90,
GX by Gwen Stefani,GX027 MAKIS,,169.88,
GX by Gwen Stefani,GX024 TAVI,,169.88,
GX by Gwen Stefani,GX020 BIX,,135.90,
GX by Gwen Stefani,GX019 ARLY,,169.88,
GX by Gwen Stefani,GX005 SUVI,,169.88,
GX by Gwen Stefani,GX002 ELISA,,169.88,
Ducks Unlimited,Alder,167.79,100.67,40% Off
GX by Gwen Stefani Kids,GX908,,125.90,
GX by Gwen Stefani Kids,GX906,,113.90,
GX by Gwen Stefani Kids,GX905,,142.38,
GX by Gwen Stefani Kids,GX900,,125.90,
GX by Gwen Stefani Kids,GX811,,113.90,
GX by Gwen Stefani Kids,GX808,,113.90,
GX by Gwen Stefani Kids,GX807,,113.90,
,,,,
GX by Gwen Stefani Kids,GX806,,113.90,
GX by Gwen Stefani Kids,GX804,,113.90,
GX by Gwen Stefani Kids,GX803,,113.90,
GX by Gwen Stefani Kids,GX800,,125.90,
Vera Bradley,Andie,,179.29,
Vera Bradley,Cleo,,183.89,
Vera Bradley,Tricia,,183.89,
Jones New York,J147-Petite,189,151.20,20% Off
Jones New York,J768,189,151.20,20% Off
Jones New York,J357,189,151.20,20% Off
Kenneth Cole,KC0803,200,100,50% Off
Lucky Brand,D408,203,162.40,20% Off
Lucky Brand Kids,D711-Children's,147.50,118,20% Off
Lucky Brand Kids,D713-Children's,162.50,130,20% Off
Lucky Brand Kids,D714-Children's,162.50,130,20% Off
Lucky Brand Kids,D716-Children's,147.50,118,20% Off
Lucky Brand Kids,D809-Children's,196,156.80,20% Off
Lucky Brand Kids,D811-Children's,162.50,130,20% Off
Lucky Brand Kids,D812-Children's,162.50,130,20% Off
ECO,Yamuna,,209.25,
EasyClip,EC179 With Magnetic Clip-On Lens,209.98,115.74,45% Off
Lafont,Camus,,445,
Lafont Kids,ABC,,319,
Lafont Kids,Cirque,,319,
,,,,
Randy Jackson,RJ 1085,187,93.50,50% Off
Randy Jackson,RJ 1929,187,93.50,50% Off
Stetson,Stetson 348,194.88,97.44,50% Off
Stetson,Stetson Zylo-Flex 720,217.38,108.69,50% Off
Stetson,Stetson Zylo-Flex 721,217.38,108.69,50% Off
Via Spiga,Luisa,209.88,104.94,50% Off
Via Spiga,Mafalda,209.88,104.94,50% Off
Via Spiga,Nella,209.88,104.94,50% Off
Ann Taylor,ATP709,224.88,134.93,40% Off
Cremieux,ARLES,207.50,124.50,40% Off
L.A.M.B.,LA051 - Phoebe,,214.88,
Ted Baker,B247,295.82,177.49,40% Off
Ted Baker,B959,203.32,121.99,40% Off
Ted Baker,B961,203.32,121.99,40% Off
Ted Baker,B962,203.32,121.99,40% Off
Ted Baker,B963,210.72,126.43,40% Off
Tura,R130,239.88,191.90,20% Off
Kensie,Craft,180,144,20% Off
Lilly Pulitzer,Castilla,238,190.40,20% Off
Lilly Pulitzer,Lantana,238,190.40,20% Off
Original Penguin,The Burks,218,174.31,20% Off
Original Penguin,The Speaker,218,174.31,20% Off
Takumi,TK1077 With Magnetic Clip-On Lens,209.98,115.74,45% Off
Takumi,TK1078 With Magnetic Clip-On Lens,199.98,111.74,44% Off
,,,,
Takumi,TK1084 With Magnetic Clip-On Lens,209.98,115.74,45% Off
Hackett,HEB 182-Bespoke,269.88,242.89,10% Off
Hackett,HEB 223-Bespoke,269.88,242.89,10% Off
Hackett,HEK 1203,199.88,179.89,10% Off
Hackett,HEK 1205,199.88,179.89,10% Off
Jones New York,J487,189,151.20,20% Off
Jill Stuart,JS 370,188.36,131.85,30% Off
Jill Stuart,JS 377,188.36,131.85,30% Off
Jill Stuart,JS 378,188.36,131.85,30% Off
Jill Stuart,JS 381,188.36,131.85,30% Off
Jill Stuart,JS 382,188.36,131.85,30% Off
Puma,PJ0020O - Kids,,95.22,
Argyleculture,Kessel,,156.29,
Ducks Unlimited,Burke,167.79,100.67,40% Off
Vera Bradley,Lonna,,183.89,
Vera Bradley,Tamlyn,,179.29,
Vera Bradley Kids,Brenna,,126.39,
Vera Bradley Kids,Joni,,126.39,
Vera Bradley Kids,Katie,,126.39,
Vera Bradley Kids,Merit,,126.39,
Vera Bradley Kids,Naomi,,126.39,
Vera Bradley Kids,Whitley,,126.39,
Anna Sui,AS575,199.88,129.92,35% Off
Anna Sui,AS595,199.88,129.92,35% Off
,,,,
Flexon,Einstein 600,240,192,20% Off
Flexon,E1035,308,246.40,20% Off
Dragon,DR181 Kevin,229.50,183.60,20% Off
Cazal,6020,,612.50,
Armani Exchange,AX3053,132,92.40,30% Off
Brooks Brothers,BB 1046,,172,
Emporio Armani,EA1079,210,147,30% Off
Emporio Armani,EA3135F - Alternate Fit,210,147,30% Off
Michael Kors,MK3024,156,78,50% Off
Michael Kors,MK4058,,161,
Sferoflex,SF1574,104,52,50% Off
Sferoflex,SF9001,,179,
Sferoflex,SF9002,,190,
Tory Burch,TY2084,,228,
Vogue,VO5240B,149.95,74.98,50% Off
ECO,Volga 2.0,,209.25,
Elle,EL 13453,182,109.20,40% Off
Elle,EL 13455,182,109.20,40% Off
EasyClip,EC468 With Magnetic Clip-On Lens,209.98,115.74,45% Off
EasyClip,EC470 With Magnetic Clip-On Lens,209.98,115.74,45% Off
EasyClip,EC486 With Magnetic Clip-On Lens,129.98,83.74,36% Off
EasyClip,EC489-No Clip-On Lens,129.98,83.74,36% Off
EasyClip,EC492 No Clip-On Lens,129.98,83.74,36% Off
Modo,4418,,335,
,,,,
Modo,7014,,315,
Randy Jackson,RJ 1091,187,93.50,50% Off
Randy Jackson,RJ 3044,187,93.50,50% Off
Stetson,OFF ROAD 5068,187.38,93.69,50% Off
Stetson,Stetson 352,194.88,97.44,50% Off
Stetson,Stetson 353,194.88,97.44,50% Off
Via Spiga,Ondina,209.88,104.94,50% Off
Via Spiga,Pietra,209.88,104.94,50% Off
Cremieux,CHUKKA,217.50,130.50,40% Off
L.A.M.B.,LA054 - Harley,,214.88,
Lulu Guinness,L302,271.83,163.10,40% Off
Tura,R566,182.38,145.90,20% Off
Easytwist,ET990 No Clip-On Lens,199.98,111.74,44% Off
Easytwist Kids,ET 991 Kids No Clip-On Lens,129.98,77.99,40% Off
Easytwist N Clip,CT261 With Magnetic Clip-On Lens,217.98,130.79,40% Off
Original Penguin,The Dooley,218,174.31,20% Off
B.M.E.C. Big Mens,Big Bonus,209.97,104.99,50% Off
B.M.E.C. Big Mens,Big Issue,209.97,104.99,50% Off
B.M.E.C. Big Mens,Big Push,209.97,104.99,50% Off
B.M.E.C. Big Mens,Big Raise,209.97,104.99,50% Off
Fatheadz Dea,Prato,189.69,113.81,40% Off
Fatheadz Dea,Asti,110,66,40% Off
Coach,HC6125,,232,
Fatheadz Dea,Forli,189.69,113.81,40% Off
,,,,
Fatheadz Dea,Beth,189.69,113.81,40% Off
Fatheadz Dea,Angela,110,66,40% Off
Fatheadz Dea,Turin,110,66,40% Off
Fatheadz Dea,Anzio,189.69,113.81,40% Off
Fatheadz Dea,Bolzano,189.69,113.81,40% Off
Fatheadz Dea,Messina,189.69,113.81,40% Off
Fatheadz Dea,Trieste,189.69,113.81,40% Off
Fatheadz Dea,Verona,189.69,113.81,40% Off
Fatheadz Dea,Savona,189.69,113.81,40% Off
Fatheadz Dea,Chieti,189.69,113.81,40% Off
Skechers Kids,SE1158,,140,
GX by Gwen Stefani,GX049 RAINE,,169.88,
GX by Gwen Stefani,GX048 Tasha,,169.88,
Takumi,TK1069 Kids,129.98,83.74,36% Off
Takumi,TK1088 With Magnetic Clip-On Lens,209.98,115.74,45% Off
Takumi,TK1089 With Magnetic Clip-On Lens,209.98,115.74,45% Off
Takumi,TK1090 With Magnetic Clip-On Lens,209.98,115.74,45% Off
Takumi,TK1091 With Magnetic Clip-On Lens,209.98,115.74,45% Off
Takumi,TK1095-With Magnetic Clip-On Lens,209.98,115.74,45% Off
Takumi,TK1096 With Magnetic Clip-On Lens,209.98,115.74,45% Off
Takumi,TK1097 With Magnetic Clip-On Lens,209.98,115.74,45% Off
Takumi,TK1101 With Magnetic Clip-On Lens,209.98,115.74,45% Off
